datetime,underlying_price,NIFTY27JAN2625200CE,NIFTY27JAN2625300CE,NIFTY27JAN2625400CE,NIFTY27JAN2625500CE,NIFTY27JAN2625600CE,NIFTY27JAN2625700CE,NIFTY27JAN2625800CE,NIFTY27JAN2625900CE,NIFTY27JAN2626000CE,NIFTY27JAN2626100CE,NIFTY27JAN2626200CE,NIFTY27JAN2626300CE,NIFTY27JAN2626400CE,NIFTY27JAN2626500CE,NIFTY27JAN2623800PE,NIFTY27JAN2623900PE,NIFTY27JAN2624000PE,NIFTY27JAN2624100PE,NIFTY27JAN2624200PE,NIFTY27JAN2624300PE,NIFTY27JAN2624400PE,NIFTY27JAN2624500PE,NIFTY27JAN2624600PE,NIFTY27JAN2624700PE,NIFTY27JAN2624800PE,NIFTY27JAN2624900PE,NIFTY27JAN2625000PE,NIFTY27JAN2625100PE
07-01-2026 09:15,26111.65,0.12662,0.1233,0.11741,0.1138340976939708,0.11005,0.10576,0.1010295134072166,0.09724,0.0957,0.09397,0.09187,0.09041,0.08908,0.08795,0.1784,0.17237,0.16928,0.16342732048451494,0.1576,0.1524,0.14697,0.14105,0.13613,0.13085,0.1264,0.12142,0.11631,0.1115
07-01-2026 09:20,26141.4,0.08632,0.09937519358682731,0.1071730866791056,0.11779,0.11197,0.11028,0.10569853947147474,0.10172790703027801,0.09837,0.09619,0.09413,0.09236,0.09057,0.08925,0.17962,0.17477,0.1707288727798893,0.16534,0.1595977090156956,0.1542,0.14753,0.14274,0.13849,0.13282,0.12841512118239268,0.12363,0.11847460214126206,0.11353
07-01-2026 09:25,26139.35,0.09147,0.09526630885309353,0.09514,0.09933,0.09599,0.09204,0.09216,0.08954,0.08996,0.08861,0.08697,0.08627,0.08541,0.08454666269817136,0.1801,0.17574,0.17154,0.16567,0.15927,0.15417496506929912,0.14919,0.14245,0.13806,0.13242,0.12877,0.12349,0.11817,0.11289269186161635
07-01-2026 09:30,26128.95,0.1086,0.10842,0.1115,0.12248,0.10715,0.11098,0.10345,0.10051304282440132,0.09864,0.09511,0.09304,0.09123,0.08955790181899563,0.08843,0.18174,0.17635594625588064,0.17206,0.16502,0.15755,0.15221063845235824,0.14691,0.14209,0.13721,0.13184,0.12722,0.12252,0.11729,0.112
07-01-2026 09:35,26131.9,0.10462,0.10538,0.12459,0.12051,0.11225,0.11294,0.10544,0.10245036382530717,0.09896,0.09626085025177994,0.09412,0.09136,0.09014,0.08885,0.18193,0.17672336795123084,0.17226,0.16522,0.15924,0.15334,0.14784,0.1423,0.13724552721148756,0.13219,0.12733,0.12295,0.11707,0.11123211450110738
07-01-2026 09:40,26145.15,0.07079,0.07639,0.08313,0.08523,0.08624666872591796,0.08734,0.0871241371607902,0.0852105069976757,0.0845,0.08386,0.0833701325908633,0.08301,0.08262,0.08249,0.18277,0.1782,0.17265,0.16631,0.15883,0.15343,0.14961,0.14337,0.1382,0.13313,0.12864,0.12374,0.11872,0.11373868135823823
07-01-2026 09:45,26113.1,0.1288105771184061,0.11837,0.10826,0.11514,0.1083,0.1055,0.10226,0.09938008227660519,0.09741,0.09438,0.09237,0.09075,0.08918397245441773,0.08809,0.18107,0.17468,0.1704,0.16426,0.157,0.15289,0.14697,0.14089,0.13571,0.13075,0.12599,0.12096,0.11582226668442469,0.11071
07-01-2026 09:50,26110.0,0.13229445831665054,0.12087,0.10978,0.11018888428120523,0.10490720132902115,0.10476,0.09939,0.0968,0.09542,0.09316,0.09122,0.08945,0.08809498802302755,0.08699,0.17863175746912044,0.1745,0.17045,0.16386,0.15681,0.15155,0.14694,0.14104392176156405,0.13566,0.13068,0.12601,0.12108674498849177,0.11607,0.11095
07-01-2026 09:55,26108.9,0.13029,0.12175,0.13487,0.1286355863504232,0.12009,0.11328,0.11024704409807803,0.10658653727937162,0.10426,0.10032,0.09739,0.09479,0.09256,0.09083,0.18084,0.17444,0.16945,0.16358,0.15675,0.1515863778306663,0.14636,0.14063,0.1353,0.130257505728224,0.12571,0.12047,0.11516999882775279,0.10983
07-01-2026 10:00,26140.3,0.09239,0.0877,0.115,0.11531,0.11123,0.10752,0.10161,0.09916438285887048,0.09747,0.09487424763411825,0.09255,0.09062,0.08911,0.08760471360594445,0.1828,0.17745,0.1717,0.16515,0.16067,0.15356,0.1481,0.14259,0.13742219010344953,0.13216,0.12774,0.12248,0.1173249777731984,0.1122
07-01-2026 10:05,26142.95,0.05238486141774122,0.08237,0.11304,0.1138697311310749,0.11037,0.11308,0.11004,0.10336,0.10275,0.09909,0.09616,0.0936860461193891,0.09181,0.09023,0.18298,0.17622,0.1714,0.16534,0.15961,0.15374,0.14828,0.14278,0.13766,0.13236,0.12794,0.12247,0.11739,0.11183
07-01-2026 10:10,26159.15,0.10591,0.11189,0.09886,0.10486781678573827,0.10346880251714617,0.10552680226495763,0.10588,0.10247500572140486,0.10028824225373274,0.09746,0.09524,0.09264,0.09117,0.08945,0.1852314207016483,0.17882126014036584,0.17292,0.16683,0.1607335239546149,0.15501,0.14937,0.14421,0.13893,0.1335,0.12947,0.12462,0.11843,0.11309
07-01-2026 10:15,26183.8,0.12049,0.09722,0.11136,0.09406,0.09202,0.09298098777845555,0.09326,0.08786,0.08838,0.08621670332773469,0.08545060682698592,0.08527,0.08415,0.0830270972264431,0.18267,0.17843940104843853,0.17425,0.16842,0.16269,0.15663,0.15173,0.14572,0.14048,0.13536,0.13028,0.12548,0.12019,0.115
07-01-2026 10:20,26169.15,0.13492,0.11376,0.12267,0.11320851622536415,0.10785,0.10210585201172065,0.09695,0.09399,0.09285,0.0908870579645046,0.08918,0.08778,0.08646,0.08546,0.18381,0.17694,0.17255408167526015,0.1675,0.16155427019281376,0.15606268010748878,0.15024,0.1449870767628095,0.13994,0.13449,0.12949,0.12431,0.11901,0.11379
07-01-2026 10:25,26152.25,0.14819,0.11685,0.1055,0.10144,0.09554039493194975,0.09622718290797706,0.09325,0.09388,0.0911,0.08938447793332578,0.08801,0.08672,0.0857,0.08459,0.18279,0.1759,0.17083287321335938,0.16533639278009607,0.16026,0.15459,0.14949,0.14378,0.13834,0.13291,0.12889,0.1234,0.11784,0.11258
07-01-2026 10:30,26130.45,0.14045,0.13392,0.12199,0.11710862604083724,0.10970257373083646,0.10631,0.10164,0.09839,0.09612689233621764,0.09407,0.09187443485661385,0.09004323482966824,0.0883,0.08712,0.18145,0.17666,0.17139,0.16528,0.1591679580163421,0.15318,0.14805,0.14233,0.13686,0.1314,0.12709,0.1217,0.11602,0.11038655030561727
07-01-2026 10:35,26133.05,0.13848,0.13213,0.12304481116608303,0.11563736610084852,0.109,0.10357,0.10375,0.09754,0.09843,0.09500986111910756,0.09299,0.09149279069887645,0.08935,0.08769,0.18089011561250773,0.17607,0.17133,0.16478,0.15915984989236542,0.15317,0.1486,0.14241227432287498,0.13675,0.13159,0.12694,0.12169,0.11630102265084846,0.11086
07-01-2026 10:40,26144.05,0.13107944939014274,0.1239,0.11769870199571306,0.11069,0.10576229950163092,0.10253,0.10015953566540979,0.09761,0.09496,0.09267224857206074,0.09067,0.08889717495068347,0.08738,0.08609,0.18288,0.17721436807320468,0.17204,0.1655,0.15977,0.15409,0.14898,0.14327,0.13781,0.13264,0.12761,0.12226911125673379,0.11697,0.11170021024646679
07-01-2026 10:45,26141.15,0.12448,0.11914111186847136,0.11456,0.114,0.10828,0.10332,0.10041,0.09745,0.09464688893446266,0.09195,0.09043,0.08885,0.0870902018431967,0.08575,0.18131,0.1766,0.17113426923688518,0.16533,0.15938,0.15392,0.14844,0.14292,0.13762,0.13204,0.12718,0.12241,0.11676,0.11115088750146233
07-01-2026 10:50,26146.85,0.15441,0.12166,0.12264,0.12576,0.11291599031689807,0.10062,0.10183498104700124,0.10421,0.10121,0.09751,0.09502,0.09229,0.09052,0.08866,0.18168,0.17641463375112956,0.17128,0.1657,0.15981866778373535,0.15411,0.14865,0.14331,0.13772,0.13245,0.12747,0.12241,0.11671,0.11127
07-01-2026 10:55,26168.55,0.11618,0.09908,0.10582,0.10425857719778127,0.10027,0.09883,0.09819,0.09465,0.09529,0.09256,0.0906,0.08877,0.08737,0.08584,0.18331,0.17727,0.17315,0.16687,0.16117,0.15554661164929423,0.1501,0.14478,0.13937,0.13411,0.12903,0.12366789647420032,0.11815,0.11277
07-01-2026 11:00,26160.15,0.14217,0.10926,0.12493,0.12832,0.11709,0.11632,0.11182,0.10649,0.10367,0.0996,0.09689,0.09419,0.09188,0.08957410403492422,0.18281,0.17727,0.17264,0.16635,0.16059752170763278,0.155,0.14973,0.1444,0.13896,0.1334,0.12844,0.12318,0.11743,0.11204
07-01-2026 11:05,26182.1,0.01950480779693325,0.06317,0.10803,0.11224,0.11009,0.10412,0.09991,0.09817,0.0949532978691967,0.0919,0.08997351617298088,0.08838,0.08688,0.0856,0.18446,0.17867,0.17404,0.16776,0.16186,0.1562165756179122,0.15102,0.14572,0.1404290665115374,0.13508,0.1300056573471609,0.12479,0.11928,0.11373
07-01-2026 11:10,26166.7,0.08418817440324895,0.10165,0.12041,0.11047115875732794,0.10432,0.09986110021843496,0.09653,0.09394104367399922,0.09205,0.08991,0.08867,0.08692676150621727,0.08535,0.08431,0.18353,0.1772,0.17284,0.16679,0.16173,0.15382,0.1494566009776372,0.14469,0.13988,0.13401,0.1290195176339811,0.1239,0.11804,0.11274
07-01-2026 11:15,26148.15,0.15103,0.12068,0.1208029025503734,0.11697,0.10479,0.10114,0.10383,0.10015,0.09801,0.0952022079218585,0.09307,0.09104380755949891,0.08902,0.08724,0.18212,0.17646,0.1712037770008647,0.16562,0.1597,0.15445,0.14843,0.14362,0.13802,0.13232,0.12752922617719922,0.12244,0.11685,0.11124
07-01-2026 11:20,26148.9,0.13325,0.12598039795791585,0.13221,0.10563,0.10438,0.09505323149275495,0.09484,0.09535,0.0932964721025809,0.0912,0.08892,0.08742,0.0862,0.08517,0.1800790437174589,0.17612,0.17222,0.16569,0.15977247897403524,0.15412,0.14849,0.14368,0.13808,0.13238,0.1278,0.12233269287922406,0.11682,0.11139
07-01-2026 11:25,26140.4,0.14019,0.1320820664265609,0.13724,0.11602,0.10911,0.10524204651068834,0.0964445092874848,0.09867195123415712,0.09617037198939672,0.09357,0.09147553676603266,0.08967,0.08807,0.08663,0.1792789598597711,0.17534,0.17146,0.16493,0.15901,0.15337,0.14817752447226615,0.14296,0.13721,0.13166,0.12670058471418874,0.12146,0.1159,0.11031
07-01-2026 11:30,26144.45,0.13223,0.1238,0.13491,0.12795,0.10692,0.10959,0.11051,0.10497,0.10338,0.09905,0.0955,0.0933,0.09089,0.08913,0.18165,0.17587,0.17124,0.16588,0.1595,0.15406094800359244,0.1485250790860648,0.14324,0.13734,0.13195,0.12677,0.12154,0.11602,0.11071
07-01-2026 11:35,26160.05,0.1379,0.10954,0.12705,0.11342,0.1144,0.09898,0.09861,0.0955,0.09382,0.09112,0.08876,0.08722507890510166,0.08612,0.08473,0.18262,0.17686,0.17249,0.16689,0.16051,0.15488,0.14989,0.1443,0.13873,0.13333,0.12776,0.12260416048599852,0.11739,0.11192
07-01-2026 11:40,26147.1,0.10923412915204903,0.12168,0.13513,0.11628,0.12094,0.10735,0.10434,0.10003964933182702,0.09677,0.09297,0.09119,0.08937,0.08741,0.08616,0.18184,0.17607,0.17137480340214983,0.16608,0.15948,0.15385,0.14842,0.14297099758299955,0.13755,0.13244,0.12735,0.12187,0.11653,0.11076
07-01-2026 11:45,26136.15,0.15533,0.13021,0.12347,0.11140750579181478,0.11292642613104024,0.10719,0.10479,0.09917,0.09782,0.09505,0.09244,0.09021,0.08849545468812811,0.08711,0.18118,0.17565,0.17067812474785662,0.16517,0.15878,0.15314,0.14771,0.14255,0.13711,0.13168,0.12657,0.12108,0.11578967585899655,0.11045
07-01-2026 11:50,26138.65,0.15371,0.12839,0.12183,0.10693,0.11294,0.10267673982055267,0.09573,0.09332,0.09232,0.08996,0.08826,0.08661,0.08544660918705645,0.08458,0.18163,0.17566,0.17054423342801733,0.16488,0.15896,0.15312,0.1477,0.14256,0.13720854758736556,0.13173,0.127,0.12127,0.11611,0.11082
07-01-2026 11:55,26126.7,0.1503597405557407,0.13681,0.12664435959428014,0.11165,0.11006,0.10405,0.10053,0.0968,0.09586,0.09292714144155953,0.09077,0.08921173093496207,0.08749,0.08637,0.18119,0.175547904981962,0.17019,0.16413,0.1582,0.15235,0.14692,0.14193,0.13603,0.13077,0.12604,0.12062,0.11541,0.11042
07-01-2026 12:00,26121.55,0.16447,0.14018,0.12062,0.10868036901212604,0.10916274815504366,0.10525,0.10099,0.09795,0.09557,0.09277,0.09077,0.08877,0.0871607129375893,0.08587,0.18089,0.17468,0.17036,0.16382,0.15788,0.15206641646686087,0.14659,0.14119881286012803,0.13584,0.13042,0.12544,0.12036,0.11541,0.11002
07-01-2026 12:05,26110.95,0.17059,0.1443193107366623,0.12592,0.11854,0.11393,0.10904,0.10471,0.1007655904339864,0.0979289219063827,0.09505,0.09261,0.09046775918746092,0.08869473318708461,0.08731,0.18024,0.17388,0.16946,0.16361,0.15799619296750217,0.1518258191600118,0.14608,0.14106,0.13542,0.13009,0.12564,0.12023,0.1149,0.10954
07-01-2026 12:10,26110.45,0.16844685246965077,0.14699,0.12624,0.12268,0.1167281668796211,0.10926,0.10682,0.10029,0.10023,0.09643,0.09378,0.09151,0.08936,0.08722058341625404,0.18051,0.17387,0.168679795364371,0.16336,0.15632,0.15152,0.14588,0.14087,0.13554,0.13007,0.12538,0.11999,0.11469,0.10926
07-01-2026 12:15,26107.4,0.1726,0.14765649473372816,0.1281,0.1188548942522102,0.11611566796294936,0.11083,0.10355,0.10125,0.09722,0.09467,0.09205,0.09009,0.08853,0.08725,0.18033,0.17372,0.16902,0.16318,0.15679,0.15118901125173478,0.14568,0.14051,0.1352,0.13013,0.1254,0.11967,0.11394979490824342,0.10828628969999167
07-01-2026 12:20,26103.3,0.14749,0.15113,0.12846,0.12228,0.11176,0.1131,0.10716,0.10184,0.09835,0.0958694069459238,0.09375,0.09145,0.08962,0.0882,0.18064,0.17369,0.16854796465743171,0.16293,0.15675,0.15088,0.14575649934383936,0.14057,0.13537,0.12972,0.12512,0.1199,0.115,0.11012713601182493
07-01-2026 12:25,26106.55,0.14529,0.13399046536607181,0.12654,0.11526,0.11023,0.10932,0.10306,0.09924,0.09688,0.09433,0.09216,0.09019862380544548,0.08851,0.08719,0.18086,0.17367,0.16924,0.16338,0.15697,0.15111,0.1457843765777299,0.1408,0.135844770855584,0.13072522063976538,0.12583,0.12057,0.11544,0.11046
07-01-2026 12:30,26108.85,0.13627697991583773,0.13189,0.12764,0.12135,0.11389,0.1097,0.1052,0.10143,0.09905,0.09602,0.09375,0.09149920615967418,0.08962,0.0881,0.17953559044998021,0.17382,0.1683454665197591,0.16267794701859148,0.15713,0.15127,0.14704,0.14147746692544463,0.13606212695029118,0.13053,0.12554,0.12044,0.11535,0.11008
07-01-2026 12:35,26106.25,0.13895,0.12935506860195561,0.12171924097235479,0.11553,0.11035,0.10842,0.10552,0.10146,0.09871,0.09611,0.09355,0.09128342994293044,0.08912,0.08692217042049363,0.17976,0.17473,0.169,0.16316,0.15719,0.15237,0.14602,0.14097,0.13531,0.13035,0.12571,0.12036,0.11516,0.10998846218826208
07-01-2026 12:40,26103.5,0.11991,0.11696,0.11289,0.10667,0.10291,0.09880320220565493,0.09545,0.09235,0.0917,0.08965,0.08826,0.08653,0.0853,0.08439,0.1796,0.17457,0.16884,0.16299,0.15724,0.15153,0.14638,0.14079,0.13557,0.13083,0.12552,0.12089,0.11587,0.11087774362347563
07-01-2026 12:45,26084.3,0.13611,0.13107,0.1253,0.11451,0.11253,0.10675,0.10218078985529508,0.0982,0.09613,0.09317,0.09116,0.08921,0.08761797488120296,0.08642,0.17755595471056948,0.17193,0.16656164676839433,0.16086,0.156,0.15028,0.14511,0.1395,0.13425,0.12896,0.12449,0.11927520464843915,0.11432897589774212,0.10937
07-01-2026 12:50,26084.8,0.13576,0.13076,0.12502,0.11425,0.11181,0.10873,0.10386,0.09994,0.09747,0.09457,0.09258,0.09051530694693348,0.08887,0.08759,0.17985,0.17281,0.16768,0.16159,0.15605,0.15118,0.14540141030942086,0.13954,0.13415,0.1292427632029937,0.1243,0.1192,0.11391,0.10864574756936819
07-01-2026 12:55,26089.25,0.12583465655004475,0.12415088801800395,0.12235,0.1206,0.11469,0.10908,0.10466,0.10084,0.0984,0.0947,0.09279,0.09043,0.08873,0.08741,0.1795750378436674,0.17349241269195645,0.16774,0.16189,0.15657,0.15117,0.14577,0.13937,0.13418,0.1288,0.12429,0.11934,0.11381,0.10830670565575033
07-01-2026 13:00,26099.15,0.13774,0.12952297604592292,0.12114,0.11955,0.11469,0.10982,0.10488469430179533,0.10038,0.09815,0.09453,0.09202,0.09013,0.0883,0.087,0.17939,0.17435,0.16871615187115602,0.16276,0.15729,0.1513,0.1457932227381807,0.14022,0.1348609180748151,0.12951,0.12442,0.11914,0.1141,0.10896
07-01-2026 13:05,26103.3,0.11737546695133458,0.11724,0.11748656117800604,0.11697,0.11188,0.10731,0.1025,0.09934,0.09665,0.09364603882722947,0.09115,0.08926,0.0873,0.08606,0.17966,0.1740267742419019,0.16866,0.16285,0.15729,0.15201,0.14642,0.14034,0.13517,0.12980018679083738,0.12461,0.11956,0.11452,0.10938
07-01-2026 13:10,26105.85,0.13259,0.11512,0.11763298569513302,0.11921,0.10758,0.10426,0.10056,0.09739928885210286,0.09497,0.09178,0.08993,0.08809,0.08665094991927072,0.08572,0.1789,0.17454,0.16883,0.16274,0.15661,0.15176,0.1459948353905847,0.14036,0.13536,0.13031039259691052,0.12528,0.11997,0.11473,0.10925
07-01-2026 13:15,26097.2,0.13545,0.12209,0.120834959073962,0.11716152199250426,0.11389,0.1095715400864829,0.10405812468256247,0.10025,0.09667,0.09342,0.0919,0.08937,0.0879258580605035,0.08674,0.17932,0.17401,0.16878,0.16261,0.15718,0.1512,0.14514,0.14012,0.13505187965170928,0.1298,0.1249,0.11945,0.11408,0.10916
07-01-2026 13:20,26097.45,0.13528,0.12192,0.12229,0.11051,0.10726,0.10272,0.09787,0.09553,0.0935,0.09048,0.08899,0.08715397820774227,0.08593,0.08506,0.17786,0.17271,0.16761908741682308,0.16248,0.15609,0.15123,0.14535,0.1401349386510373,0.1348,0.12982,0.12456747704152803,0.11941980557720239,0.11434757353390927,0.10935
07-01-2026 13:25,26076.35,0.13635,0.13632,0.13447,0.11507,0.11124,0.10481,0.10174,0.09783,0.09578,0.09306,0.09102,0.08898426643077721,0.08694445475483022,0.0849495943509959,0.17677,0.17141,0.16651,0.16114,0.1553944721152286,0.14992,0.14396,0.13872,0.1332955857582667,0.1280684979472293,0.12294,0.11771,0.11287,0.10805339261961584
07-01-2026 13:30,26070.0,0.14088,0.13607255045769395,0.13783,0.11987,0.11361,0.10550305564691582,0.10428141675624931,0.10029,0.09795,0.09434,0.09254,0.09022,0.08856,0.08690947695107444,0.17822,0.17166,0.16625323919760132,0.16075,0.15539,0.14993,0.14418086322004744,0.13846,0.1330460292467117,0.12764,0.12272,0.11750876014162724,0.11258,0.1072
07-01-2026 13:35,26074.55,0.1644719206490262,0.14899470544433396,0.13547,0.12112,0.1144,0.11189,0.10505,0.10046,0.09766,0.09457,0.09234,0.09017,0.0882,0.08695,0.17852,0.17260013908970895,0.16691,0.16108,0.15570201966241423,0.15026152672493778,0.14467,0.13862,0.1328,0.1281,0.12259,0.11738,0.11229,0.1072141596418698
07-01-2026 13:40,26074.2,0.13798,0.13149,0.13567,0.12103,0.11374,0.10850438232016918,0.104,0.10033,0.09781,0.09463164622055588,0.09207,0.09026,0.08842,0.08693,0.17851,0.17132,0.16666,0.16104,0.15485,0.14988459495291903,0.14464,0.13877,0.13308,0.12729,0.12293,0.11799,0.1126586599666741,0.10731
07-01-2026 13:45,26072.8,0.14424926522065312,0.1375,0.13202687571211796,0.12452,0.11755,0.1126,0.10713,0.10257,0.10008,0.09637,0.09394,0.09167,0.08976,0.08827,0.17844,0.17239695587503498,0.16658,0.16074,0.15493604057203864,0.14982,0.14267,0.13852,0.13282575046840428,0.1272,0.12272,0.11748,0.11227,0.10712
07-01-2026 13:50,26083.4,0.1311,0.13079,0.13071,0.11458,0.1109,0.10573,0.09955,0.09775,0.09571,0.09249,0.09049,0.08864,0.08724,0.086,0.17872615900426783,0.17271388528289108,0.16703,0.16126355988450114,0.15547,0.15029,0.14357,0.13909,0.13359,0.12796,0.1235,0.11838,0.11309,0.10797
07-01-2026 13:55,26079.6,0.13406,0.1327959157202497,0.13283,0.12454,0.11271,0.11314,0.10760184947567776,0.10267,0.09951,0.09595,0.09371,0.09128,0.08938739750510982,0.0879,0.17644,0.17088,0.1663,0.16097,0.15524,0.14995,0.14417872550002234,0.13868,0.13319,0.1277,0.12323,0.11758,0.11262,0.10768420456462678
07-01-2026 14:00,26088.65,0.12683,0.12726,0.1206954578493467,0.11336871816016439,0.10839,0.10736,0.10616,0.10293470028373962,0.09891,0.09497,0.09256378838264563,0.09048,0.08855,0.08723,0.175982776298399,0.1711364816453225,0.16664,0.16202,0.15453,0.15055,0.14487,0.13898,0.13368,0.12808,0.12366,0.11826,0.11304,0.10766
07-01-2026 14:05,26096.3,0.11994,0.12171,0.11491,0.11938,0.10453,0.10799,0.10284,0.10102612329047649,0.09605472706222955,0.09296,0.09098,0.08878628757436922,0.0871,0.08586,0.17797,0.17139,0.16715261346074387,0.16253,0.15638502505472787,0.15048,0.14482196599631045,0.13967,0.13406,0.1293,0.1241,0.11873,0.11363,0.10818
07-01-2026 14:10,26100.95,0.11527,0.11807,0.11166,0.11718,0.11077,0.10686,0.10024,0.09667,0.09492,0.09192644726567901,0.0899079892623259,0.08774,0.08630209558724643,0.08509,0.17622355578806534,0.17169,0.16719308852050518,0.16284,0.15557,0.15079,0.1446,0.14033,0.13485,0.12965995877596326,0.12445,0.11951,0.11389,0.10872
07-01-2026 14:15,26097.3,0.126753047288824,0.12055,0.11426,0.11114,0.10613807625123702,0.10373,0.09785,0.09564418715015802,0.09355,0.09092,0.08916619200006227,0.08749,0.08602,0.08474,0.17776,0.17148,0.16773,0.16193,0.15535,0.15096,0.14437,0.13993,0.13446,0.12926,0.12455,0.11925,0.11381,0.10886
07-01-2026 14:20,26090.7,0.12516,0.12549,0.1189050059179639,0.11458,0.10805,0.1051703651769151,0.10217,0.09626,0.09463,0.09177,0.08988,0.08788732418416394,0.08632,0.0852,0.17421042387717797,0.17108,0.16806,0.16129,0.15707,0.15093,0.14504,0.1392056793535942,0.13371,0.12826,0.12397,0.11856,0.11323,0.10826
07-01-2026 14:25,26090.45,0.1254,0.12569,0.11937686555171985,0.11309,0.11201,0.10708456594393927,0.10202,0.09896383834236641,0.09695,0.09333,0.09125,0.08901361176515188,0.08744,0.08588,0.17707,0.17237948368741804,0.16806,0.16128,0.15769,0.14994,0.14486,0.14014,0.134,0.12826,0.12384,0.11834,0.11312,0.10767
07-01-2026 14:30,26098.65,0.11775,0.1168240079919405,0.11338,0.11283,0.108,0.10375,0.0957,0.09374,0.09245,0.08931,0.08759,0.08597848253825645,0.08508,0.08388,0.17759,0.1716,0.16859,0.16182,0.15844,0.15109,0.14578,0.14087,0.13488,0.12884,0.12384049439356803,0.11906,0.11385,0.10868023845736714
07-01-2026 14:35,26088.15,0.12742,0.12736,0.12038,0.12188,0.1129,0.10654,0.10546,0.10076,0.09843,0.09465,0.09268,0.09026,0.08788170258370097,0.08542875495835268,0.17696,0.17096,0.16689206792390937,0.16149274372666816,0.15715,0.15041,0.14511185897351017,0.14,0.13416,0.12893542919335185,0.12393,0.11829,0.11309581713165016,0.10792
07-01-2026 14:40,26097.55,0.11889,0.12046,0.12088542315923613,0.12266,0.10834,0.11052,0.10398,0.10004,0.0976,0.09418,0.09201656433143586,0.09003,0.08824,0.0868,0.17690377956299377,0.17267,0.16855,0.16307299943681086,0.15778,0.15104,0.14536,0.14082,0.13497,0.12892,0.12414,0.11889,0.11311,0.10736980236754558
07-01-2026 14:45,26107.25,0.12396,0.11763,0.1223,0.1067,0.10319,0.10394,0.09526,0.09287,0.09155,0.08889,0.08749,0.08584,0.08476,0.0837,0.1780556670888403,0.17329,0.1687938620854623,0.16401,0.15803330792472295,0.15169,0.14639,0.1407398448873264,0.13506,0.12989,0.12485,0.11954085671613938,0.11414,0.10918
07-01-2026 14:50,26098.4,0.13162,0.13675,0.12915,0.12292,0.11686717494585808,0.11258,0.10664,0.1023,0.0996,0.09579,0.09332,0.09112,0.08895484194103156,0.08672997088205249,0.17642,0.1726114758999168,0.16839,0.16346,0.15807,0.15112,0.14581,0.14057,0.1343,0.12831,0.1241,0.11854966497707117,0.1132,0.108
07-01-2026 14:55,26113.35,0.13149,0.12732,0.11988,0.1167,0.10902,0.10408,0.10127,0.09813217731857113,0.09552,0.09223,0.09015,0.08803845579890404,0.0865,0.08529,0.17946,0.1737,0.16935,0.1640546424402968,0.15885,0.1525785319962322,0.14645,0.14127,0.13518251740590229,0.12937,0.12507,0.11986,0.11433,0.10908
07-01-2026 15:00,26123.1,0.12276,0.11978,0.11306,0.11132,0.10302,0.10141116693274116,0.09855,0.0946,0.09252450053448151,0.09028,0.08881,0.08709,0.08572122187735776,0.08446,0.17827,0.17402310731475726,0.16948,0.1653,0.15908,0.15355,0.1473,0.14211,0.13767,0.13048,0.12578,0.12037,0.11508,0.10983498134438786
07-01-2026 15:05,26133.7,0.11118,0.11022,0.11098288128346569,0.11163,0.10334,0.10225,0.09753,0.09433,0.09221667088498946,0.08993,0.08822,0.08652,0.0852902995787399,0.08421,0.17893,0.175,0.16966,0.16599,0.1591862176541505,0.15163,0.14746,0.1420794108062253,0.13677,0.13081,0.12618,0.12072,0.11529,0.10998
07-01-2026 15:10,26142.1,0.09884,0.11876,0.11059,0.11222,0.10533,0.10244,0.09801,0.09482,0.09307,0.0906,0.08896,0.08737,0.08575,0.0841277576268048,0.17889128142206634,0.17441,0.1700421586653553,0.16564,0.16034,0.15424,0.14883679794872734,0.14312400134044523,0.13766,0.13155,0.12641,0.12179,0.11633,0.11055
07-01-2026 15:15,26147.8,0.10654,0.11355,0.10582,0.09637,0.09370719165672112,0.09213,0.08989,0.086,0.08722,0.08611,0.08507,0.08366,0.08305,0.08238,0.17951,0.1759,0.17108,0.16531,0.16005996655293778,0.15482,0.14842,0.14365,0.13775,0.13182,0.12758,0.12186136617164714,0.11657,0.11111436726972908
07-01-2026 15:20,26138.3,0.11792,0.12203,0.1136,0.10598,0.0986,0.09832,0.09507,0.09243048161327036,0.09046,0.08884,0.08713,0.08596212127849014,0.08502,0.08402,0.18137,0.1742,0.17198,0.16570822799417748,0.1599,0.15239,0.14836,0.14335,0.13727,0.13102,0.12552,0.12142,0.11616,0.11054
07-01-2026 15:25,26139.7,0.11638,0.12088,0.11254,0.10555694924786457,0.09944,0.09616,0.09398,0.09147,0.09192,0.08934860387145044,0.08703,0.08549,0.08397954787399446,0.08241701371958815,0.17936,0.17731,0.17159,0.16754,0.16085,0.15228,0.14936,0.14228,0.13722,0.1313931093167364,0.12627,0.12052,0.11608,0.11012
08-01-2026 09:15,26101.75,0.11678,0.108153769483358,0.09164,0.11444,0.09806,0.1029,0.09933,0.0938,0.09226,0.09026,0.08847,0.08740379052546843,0.08673,0.08567,0.18174,0.17806,0.17069,0.16543504633234038,0.15934,0.15354191458744765,0.148,0.14234,0.13554,0.13056,0.12504,0.11964,0.11443,0.10922614599914571
08-01-2026 09:20,26109.7,0.10711,0.09556572267764425,0.0813,0.09165,0.09017,0.09083,0.08783,0.08692101961024622,0.08581442076929247,0.08478,0.08368,0.08269,0.08174891696977817,0.08070056625328645,0.18200132942581282,0.17724,0.17249,0.16631709650340795,0.15934,0.15404,0.14616,0.14272,0.13626,0.13099,0.1255809565843136,0.1203770053107943,0.11556,0.11016
08-01-2026 09:25,26087.55,0.10989,0.10771927319887573,0.10509,0.09447,0.09178,0.0908,0.08627,0.0861,0.08568,0.08435,0.0838481992024123,0.08332,0.0828107667505146,0.08234,0.18263,0.17710812372613058,0.17156,0.16504720657382796,0.158280733165606,0.15257,0.14449,0.14138,0.13473,0.12985,0.12516,0.12037,0.11455,0.10927
08-01-2026 09:30,26063.1,0.13321,0.11121,0.10224,0.1061,0.09787,0.09834,0.09432,0.0918,0.091,0.08905,0.08791265632996201,0.08674068824130204,0.0856,0.0849,0.18109,0.17429,0.16925,0.16379849130596422,0.15695,0.15213,0.14305,0.14003,0.13411,0.1285677410809454,0.12350153788924667,0.11841180521087875,0.11343679214723529,0.10857
08-01-2026 09:35,26053.95,0.14005,0.13292671966846378,0.12327385987214587,0.1235,0.10269,0.11067,0.10566,0.10007,0.09883,0.09546015487266774,0.09329634040634621,0.0915,0.09,0.0884977467486134,0.17789,0.1732006304567904,0.16867,0.16273557901159355,0.15635,0.15153,0.14520459103863576,0.13941,0.13378,0.12774,0.12355,0.11742,0.11243,0.10685
08-01-2026 09:40,26092.65,0.03692144659340751,0.07222,0.10736,0.10182,0.09554,0.0947557831795265,0.09243,0.09023,0.08867,0.08688,0.08598064245500164,0.08526,0.08420134171986265,0.08339,0.1812398946003312,0.17621,0.17119,0.16453,0.15915,0.15415,0.14546,0.14211,0.13591,0.13053,0.12565383299773195,0.12029691476818767,0.11510422340206683,0.10987
08-01-2026 09:45,26077.7,0.12038,0.09884,0.10254868282745858,0.1063,0.09633,0.09896,0.09438,0.09310507483341836,0.09236,0.09023,0.08831,0.08718,0.08581,0.08443407684124038,0.18062,0.17472,0.17048,0.16608,0.15901213459756994,0.15256,0.14601,0.14108,0.1352593861816165,0.12961,0.12496,0.11967,0.11477,0.10919
08-01-2026 09:50,26070.8,0.12674,0.12348,0.12264,0.12016959642367211,0.11278903955614034,0.1098,0.10385,0.09989,0.09784,0.09522,0.09286,0.09054,0.08887466748409262,0.08742,0.1802,0.17457,0.1698,0.16429,0.15795,0.15191,0.14584470768134783,0.14061,0.13485,0.12954,0.12542,0.11937,0.11424,0.10912456075981476
08-01-2026 09:55,26089.4,0.11893,0.11393331534701927,0.10995,0.10776,0.1017,0.09898,0.09518,0.09178,0.09000215067994784,0.0884,0.08712953049705129,0.08609,0.08468,0.08383,0.18197,0.17577,0.17225,0.16643,0.15988773467867978,0.15377,0.14812,0.14291,0.13699459715286377,0.1313,0.12645,0.12111,0.11581844977612703,0.11048811937066076
08-01-2026 10:00,26081.9,0.12612,0.11463,0.11541,0.09567,0.0905,0.09307,0.09216,0.08950875531284218,0.08683,0.08537231205105973,0.08417920194959937,0.08348,0.08295,0.08222,0.18152,0.17531,0.17055,0.16595,0.15977,0.15308,0.14762,0.1424,0.1363236800970528,0.13036,0.12591,0.12012,0.1156,0.1098
08-01-2026 10:05,26068.05,0.13746,0.12556,0.10291,0.10020831828006797,0.09975,0.09371,0.0910444031410925,0.08884,0.08774272547884858,0.08659,0.08564,0.08442,0.08374,0.08304502565171458,0.1829,0.17444,0.1704,0.16505,0.15844,0.15236,0.1465,0.14209,0.13589,0.13005,0.1250498168590329,0.11972,0.11452,0.10903
08-01-2026 10:10,26050.3,0.1624919716305183,0.13736,0.11243,0.11244,0.10503870296571954,0.10496,0.10040682744562585,0.09617,0.09397,0.09127,0.08964,0.08765,0.08622456773131126,0.08499,0.18178,0.1745,0.16974,0.16353566015198776,0.15727,0.15117,0.1453,0.1407,0.1342,0.1289,0.1237,0.11806,0.11249578984818344,0.10683098735005903
08-01-2026 10:15,26055.25,0.12383,0.13428,0.109,0.10141,0.0969,0.09274427646891352,0.09003177640251281,0.0878,0.08731,0.08648,0.08509,0.08406,0.08321,0.08234931532210299,0.18044,0.17472,0.17055,0.16423,0.15803,0.15249,0.14583,0.14138,0.135,0.12954,0.12443,0.11939,0.11427,0.10915379119494367
08-01-2026 10:20,26034.9,0.11551221893630659,0.11514,0.11445,0.10932,0.10163,0.10165,0.09571,0.09396,0.09295,0.091,0.08918,0.08756,0.08629229915793854,0.08519,0.17801,0.17343,0.16923,0.16312,0.15709,0.15112,0.14533,0.14027,0.13414,0.12859,0.1235,0.11824,0.11347,0.10802
08-01-2026 10:25,26034.15,0.1262324170088049,0.12074,0.11495,0.11068652347737142,0.10604744822694118,0.10317653487154535,0.09973,0.09619,0.09422,0.09205214332773126,0.09026,0.08852,0.08737,0.0862140016500474,0.17913,0.17358933990821754,0.16860847945746438,0.1633,0.15706,0.15089,0.1452994662391391,0.14023,0.13396,0.1288,0.12352573349537214,0.11819,0.11296850054804226,0.10764478872560573
08-01-2026 10:30,26034.2,0.13043,0.12296,0.11721,0.11248,0.10654,0.10325,0.0989,0.09655,0.09472066814912616,0.09269,0.09096,0.08901,0.08708912830356269,0.08512179904766054,0.1778127107438404,0.17341,0.16879292898670156,0.16481,0.15625,0.15166,0.14494248912671737,0.14048631392412447,0.1344,0.12945,0.12358,0.11841,0.11343,0.10783
08-01-2026 10:35,26040.5,0.11556,0.1184,0.10955,0.10308,0.09929,0.09834,0.09464570186570151,0.0917,0.0908,0.08918,0.08801,0.08675593049521568,0.08555,0.08431663367602694,0.1804,0.17383,0.1700151608134688,0.16525,0.15844221361695762,0.15173,0.14627,0.14086,0.13472,0.12929,0.12429,0.119,0.11438,0.10882
08-01-2026 10:40,26027.15,0.12731,0.12778,0.11939,0.11369604394718631,0.10746,0.10523,0.09862,0.09616865100956364,0.09385,0.09155883555425894,0.09018,0.08824830425389459,0.0871021968355476,0.08618,0.17956,0.17298,0.16792336418728537,0.162,0.15683,0.15064304259786945,0.14466,0.13962,0.13434,0.12845,0.12352,0.11748,0.11283563835784054,0.10803
08-01-2026 10:45,26033.1,0.13260099113792126,0.1252557624772044,0.11577,0.10722,0.10397145043922469,0.10168,0.09616,0.09329,0.09228,0.0904,0.08908,0.08753,0.08600396513967815,0.0844338068057351,0.17855,0.17352885347076918,0.16848,0.1635,0.15687443448164448,0.15125,0.14402,0.1402,0.13407,0.12838,0.12398,0.11885,0.11398,0.10838
08-01-2026 10:50,26029.85,0.11819,0.12603,0.10632,0.10449562592142352,0.09795,0.09934,0.09557860857985045,0.09317,0.09208,0.0906030943172328,0.08927,0.08758,0.08634,0.08509089228570318,0.17836,0.17304157412998206,0.16804,0.16287,0.15642,0.15122,0.1454,0.14014,0.13441,0.1293,0.12408,0.11841,0.11399,0.10857
08-01-2026 10:55,26018.95,0.12741,0.13303,0.11752259783741444,0.10692,0.10286985938075788,0.10154,0.09625,0.09308,0.09332,0.09144,0.08964,0.08828,0.08684,0.08605,0.17825,0.1725,0.1673919148584752,0.16215,0.1557,0.15049,0.14465,0.13969,0.13433,0.12872857025996123,0.1234480506022227,0.11767,0.1138,0.10991969034241669
08-01-2026 11:00,26016.4,0.12889,0.11864,0.10849,0.11085,0.1006,0.10269,0.09771,0.0946,0.09377,0.09163,0.09030216192340185,0.08867,0.08761,0.08654679613036564,0.17643077433760246,0.17121894818004632,0.16669986697283257,0.16178,0.15696,0.15056095783890638,0.14414,0.13982,0.13433907287443966,0.12894,0.1245,0.11922,0.11406497643571757,0.10869755938196786
08-01-2026 11:05,26011.95,0.13223,0.12934,0.11965553978611738,0.11196,0.10841,0.1012,0.09888,0.09649,0.09455531320696357,0.09243,0.09080698195594118,0.08931105299142167,0.08817,0.08698,0.18362222202157213,0.1758,0.16808,0.16128,0.1553503323996532,0.15004,0.14465940248747994,0.13952,0.13506,0.12899,0.12408065002002734,0.11898,0.11392,0.1088
08-01-2026 11:10,26009.35,0.14774527199957352,0.13098,0.11365,0.10859,0.10146677813445035,0.10029,0.09856,0.09564946662810808,0.09365109960487814,0.09127,0.08993,0.08862,0.0876,0.08655,0.17986,0.17346,0.16712776685128305,0.16112,0.15535096962805428,0.14987,0.1448650039060586,0.14024,0.1353757137324055,0.13025033973271533,0.12544,0.11999,0.11509,0.10994
08-01-2026 11:15,26005.55,0.13748754920714723,0.12268,0.1073,0.10588,0.10003,0.09851,0.09432,0.09407,0.09316,0.09112,0.09010139943722871,0.08896,0.08793777683265908,0.08703,0.18067,0.17517,0.171,0.16503893662586927,0.1587174691347142,0.15248,0.14687,0.14114,0.13579,0.13133,0.12617,0.12111647461372278,0.11597,0.11087
08-01-2026 11:20,25984.4,0.14374,0.13566,0.11071,0.10416,0.09902,0.09740428664559907,0.09553,0.09345,0.09251,0.0916,0.09065,0.08947,0.0883139250132986,0.08711553613471477,0.17931,0.17519,0.17042,0.16514,0.1596,0.154189922995682,0.14908,0.14263,0.13824,0.13264,0.12703,0.12199,0.11699,0.11194
08-01-2026 11:25,25968.0,0.13393,0.14451,0.12732193136210748,0.11621,0.10783,0.10532,0.10246,0.09972,0.09817,0.09555,0.09395437536099152,0.09258,0.0912,0.09028,0.17737835557325246,0.17343,0.16954,0.1644,0.15998,0.1539569668906432,0.147438041855442,0.14131,0.13656,0.1308652725654752,0.12547,0.12017,0.11526,0.10994
08-01-2026 11:30,25968.05,0.15512458135313423,0.14451,0.13010509181074867,0.12089335612712973,0.10996,0.10584,0.10210111327864414,0.09904,0.09712373726142838,0.09519757793664237,0.09381,0.0924,0.09118,0.09058,0.17846810400018986,0.17458,0.17075,0.16474283359337344,0.15897222351387622,0.15315,0.14693,0.1421,0.13492,0.13068,0.12595,0.12068,0.11592,0.11084
08-01-2026 11:35,25971.65,0.12267567910356436,0.1237932954822366,0.12047,0.11888,0.11249,0.10861,0.10423,0.10083,0.09857,0.09641,0.09465,0.09281,0.09139,0.08997703349925723,0.17930053587312858,0.17483,0.17042,0.16400507225676503,0.15823,0.15199,0.146157999118478,0.14072458052865894,0.13508,0.129973489651299,0.12493,0.11940349723142488,0.11426,0.10886
08-01-2026 11:40,25983.85,0.13538,0.11016,0.11307,0.10963,0.10597007032975002,0.10171,0.09877178506085106,0.09626,0.09523,0.09304,0.09174,0.0905,0.08937,0.08904,0.17934,0.17566,0.17105,0.1653511415751358,0.15906506617451058,0.15302,0.14685419275089973,0.1413,0.13551,0.13019,0.12571,0.12038357475424745,0.11521,0.10985
08-01-2026 11:45,25973.8,0.12243,0.12497,0.10904,0.10901723505859034,0.10746,0.10034,0.09668,0.0945423755196357,0.0941,0.0925127979572618,0.09124,0.09009,0.08932,0.08911,0.1787,0.17567,0.17019,0.16335,0.15794964733520425,0.15249,0.14695,0.14125,0.13574,0.1303,0.12569,0.12043,0.11571,0.11036
08-01-2026 11:50,25958.25,0.13347,0.12051,0.1206,0.11501,0.10958,0.1054559286235644,0.102100823641134,0.09931,0.09775,0.09542,0.0938,0.09237,0.09104,0.08972668057226131,0.17994204182787457,0.17465,0.16935,0.16471,0.15803,0.1514,0.14585,0.14052,0.13471,0.12923,0.12457,0.11926,0.11463,0.1092
08-01-2026 11:55,25958.05,0.12189,0.11063,0.10713008043194942,0.10429,0.10019851733485007,0.09719,0.09490524907925096,0.09325,0.09271,0.09138,0.09045,0.08941,0.08854,0.08892,0.18039,0.17443,0.17054,0.16471,0.15856143369796127,0.15281,0.14684,0.14193,0.13633,0.13125894716100778,0.12657,0.12119,0.11693,0.11266872658723444
08-01-2026 12:00,25936.15,0.12217,0.11547,0.10832,0.10595778040548608,0.10256,0.10034,0.09708,0.09569,0.09503,0.09382,0.0926,0.09164184195684227,0.09081,0.09107,0.18079,0.17552,0.17076,0.16496,0.156,0.15065,0.14638,0.14188574487774885,0.13743,0.1323186570267374,0.12748,0.12229,0.11767715234109746,0.1128
08-01-2026 12:05,25896.7,0.1448,0.13714846026803373,0.12976,0.1243,0.11772,0.11319,0.10926021025926608,0.10712909182077689,0.10487,0.10247,0.10057,0.09884,0.09761280481819647,0.09686,0.1799,0.17523,0.17027035003061183,0.16499,0.15612905811493474,0.14801,0.14378,0.13836639011622087,0.13335,0.12858,0.12484,0.1196406042088814,0.11452,0.10966
08-01-2026 12:10,25920.3,0.1311,0.12721,0.12316,0.11872,0.11304,0.10923,0.10565,0.10319,0.10149,0.09916,0.09766,0.09594,0.0951,0.09445,0.18108,0.17569,0.17087339426737938,0.16472,0.1588,0.15031,0.14613861189702668,0.14123,0.13549,0.1291,0.12563,0.12046,0.11531,0.10996
08-01-2026 12:15,25935.5,0.12765661041741241,0.12281,0.11690116752412867,0.11279927578928169,0.10827,0.10464516305695962,0.10135,0.09952,0.09774,0.09636,0.09485,0.09395,0.09295,0.09262,0.18318,0.17791,0.17292,0.16690481943592456,0.16035,0.1549,0.14972139450356997,0.14401,0.13794,0.13165,0.12804,0.1227,0.11781,0.11288
08-01-2026 12:20,25923.15,0.13462,0.12982,0.1211,0.11657,0.11259,0.10757,0.10435374525872385,0.10183,0.09983,0.09796,0.09661,0.09529362659970418,0.09427,0.09404,0.18674,0.17896,0.17478,0.16847,0.16299,0.15402,0.15118,0.1452,0.13893,0.13283,0.12841345912462082,0.1236,0.11875,0.11375
08-01-2026 12:25,25934.95,0.12705,0.12349,0.11508,0.11706,0.11002,0.10792219130167312,0.10373,0.1013,0.09941572495585847,0.09751,0.09629,0.09469,0.09344,0.09341,0.18718,0.17979,0.17429,0.1679841501732675,0.16228,0.15913,0.15205569275068473,0.1449,0.13854,0.13267,0.12842,0.12301969329855252,0.11803,0.11335
08-01-2026 12:30,25935.9,0.12309,0.12295,0.11958,0.10904,0.10503,0.10034958743644756,0.09853,0.09758,0.09621247003787305,0.09479,0.09357,0.09246,0.09168,0.09175,0.1855,0.17987,0.17521,0.17092,0.1645470708969566,0.15748720930870652,0.15083,0.14631,0.14015,0.13405,0.13004,0.12477,0.11989,0.11503744702226418
08-01-2026 12:35,25914.7,0.13927,0.13463,0.12683979384019017,0.12143536284953646,0.11617,0.11019,0.10747018450336394,0.10462,0.10226,0.09978272713635529,0.09793722341611646,0.09653,0.09498,0.09504,0.18467,0.18126,0.17357,0.16729,0.16143,0.15625,0.1514,0.14427,0.1375,0.13174,0.1267653380601509,0.12192,0.1167294853540893,0.11202
08-01-2026 12:40,25920.75,0.13817747597243676,0.13148,0.12465,0.11739,0.11421,0.11052,0.10652,0.10369,0.10132569019716074,0.09919,0.09712,0.0957,0.09428,0.0943,0.18451,0.1783,0.17334,0.16730127345890775,0.1613,0.15799,0.15124282278373283,0.1443,0.13768,0.1313,0.12667058531064176,0.12209,0.1167273344623601,0.11197
08-01-2026 12:45,25921.8,0.13509,0.12541155459380746,0.11644,0.11302,0.10968,0.10613,0.10372605582965126,0.10173,0.09984,0.09802,0.09638849284322935,0.0950847464199816,0.09385,0.09401,0.18459,0.1782,0.17427,0.16751,0.16183,0.15808,0.15171022662493688,0.14505,0.13857433140713252,0.13223,0.12851,0.12311,0.1179188818205845,0.11301
08-01-2026 12:50,25913.2,0.1312,0.13546,0.11517,0.12057,0.11549002687696626,0.11085,0.1067,0.10438,0.10171,0.09974,0.09825,0.09683887237119927,0.09569216718189211,0.09513,0.1806514551951348,0.17763,0.17466,0.16692,0.16249,0.15695,0.15086,0.14408,0.13762,0.13137,0.12726,0.12197794975953256,0.11699,0.11152
08-01-2026 12:55,25910.65,0.1328,0.13677,0.11648,0.11758,0.11238,0.10766,0.10469,0.10295,0.1008,0.09897547833992994,0.09733,0.09612,0.09476,0.0946,0.18504,0.17875,0.17514,0.16873,0.16320846609657277,0.1563283577607668,0.14955694930615726,0.14379,0.13734,0.13127,0.12722,0.12162,0.11703,0.1113
08-01-2026 13:00,25905.65,0.13583,0.13928,0.12898730177156473,0.12451,0.11087,0.11208,0.1095356891714507,0.10712,0.10472,0.10241,0.10025,0.09844,0.09673,0.09617,0.1849,0.17824,0.17416,0.16839,0.16267759147280328,0.15642,0.14973,0.14394378469205632,0.13803231849035738,0.13201207313969568,0.1265,0.12156,0.11666530511436955,0.11171565101569218
08-01-2026 13:05,25924.95,0.12353,0.12931,0.12087,0.11706,0.10851,0.10601373240181579,0.10314500267920489,0.10217,0.0994724726311555,0.09753384038992174,0.09595679701544829,0.09467966031045781,0.09364,0.09321,0.18391712257441745,0.17959,0.17537,0.16857,0.16325,0.15786,0.15166,0.14501,0.13847253913614993,0.13215,0.12785,0.12213,0.11736,0.11212
08-01-2026 13:10,25922.25,0.13656,0.12639,0.12070865119197328,0.11962,0.10956,0.10846349247737189,0.10556960928637098,0.10381,0.10093,0.0987960859612266,0.09699658885567164,0.09566,0.09417,0.0937,0.18665,0.17942,0.17404,0.16824072824950984,0.1625,0.15598,0.14979,0.14416,0.13714,0.13092,0.12699,0.12137591165266796,0.11611,0.11058
08-01-2026 13:15,25921.8,0.13686,0.12666,0.12001,0.11462,0.10975,0.10641,0.10299,0.1008056866746699,0.09863,0.09725,0.09579,0.09441050061109835,0.09295,0.09277,0.18663,0.1794,0.17502,0.17019,0.16319,0.1581740353470408,0.15262,0.1448,0.13804,0.13155,0.12777,0.1221,0.1169359277688579,0.11163
08-01-2026 13:20,25914.55,0.14112,0.131825127454184,0.12139463209054273,0.11617,0.10916,0.10646,0.10447,0.1013,0.09915,0.09761,0.09596782767780446,0.09483,0.09341,0.09347,0.18421153147252192,0.17892,0.17412766665900284,0.16863,0.16309,0.157,0.15092604744070273,0.14458,0.138,0.13155,0.12751,0.12179,0.11668287415807727,0.11148
08-01-2026 13:25,25911.75,0.14273,0.11662,0.11029932320949927,0.10618184259137932,0.10431,0.10172,0.09957,0.09793323652528384,0.09671278703422163,0.09523125378726686,0.09439,0.09305,0.09214,0.09239,0.18654,0.178,0.17609,0.17066,0.16372,0.15681,0.15234,0.14556,0.13953001343230884,0.13278,0.12901,0.12332048438129435,0.11871,0.1133
08-01-2026 13:30,25888.65,0.15494,0.12545,0.12737,0.12153,0.11822628284870462,0.11201534577630148,0.10803,0.1054,0.10268,0.10085591239357246,0.09919,0.09714,0.0957,0.09433069067131755,0.18496,0.17858,0.17384,0.1659,0.16123,0.15451088890232037,0.14895624192081008,0.1423,0.1359,0.12941,0.12539,0.11989,0.11478,0.10939
08-01-2026 13:35,25907.5,0.13114,0.11468,0.11856,0.11656,0.10942,0.10737,0.10467,0.10234,0.09968,0.09784,0.09675,0.09513,0.09392,0.09367,0.18702,0.17624,0.17407,0.16726,0.16178,0.15753,0.149,0.14287,0.13703294461260665,0.13019853450394347,0.12543042543636954,0.12020560422038656,0.11563,0.11024
08-01-2026 13:40,25901.95,0.132,0.12519737985836138,0.12127,0.1177,0.11262993673114599,0.10899418681434625,0.10502,0.10332,0.10094208513233016,0.09908,0.0974620451440297,0.09593237680614367,0.09445,0.0942,0.18665,0.17587,0.17385,0.16765324517567334,0.16153,0.1547,0.14847,0.14279,0.13615,0.13003,0.12485348976741384,0.11951259026077932,0.11509,0.10991
08-01-2026 13:45,25914.15,0.12419,0.11049,0.12285,0.11764,0.11726973347592415,0.10911228598911127,0.10554,0.1032,0.10095,0.09865,0.09752,0.09555,0.09387,0.09366,0.18446,0.17653,0.17324,0.16776,0.161,0.15561,0.14841,0.14238,0.13626569740696265,0.13040444375571636,0.12515,0.11953,0.11462,0.1096844414807918
08-01-2026 13:50,25911.55,0.12595,0.12756,0.12328,0.11749454743495759,0.11156,0.1097,0.10648,0.1038,0.10147,0.09906,0.09742,0.0955,0.09384,0.09357,0.1843,0.17656,0.17239,0.16713,0.16083,0.15543,0.1476,0.14185,0.13539389486180026,0.12901,0.12495,0.11895,0.11414,0.10917
08-01-2026 13:55,25926.6,0.13885548437666073,0.12702,0.11579,0.11513,0.11104,0.10647887595537463,0.10242,0.10115,0.09911,0.09696,0.09542,0.0937,0.09229,0.09191,0.18372,0.1776,0.17346,0.16678,0.16167379769004564,0.15655,0.14783,0.14195,0.13556702911335128,0.12932,0.12499,0.11922,0.11418491368305608,0.10919
08-01-2026 14:00,25936.35,0.107,0.1080527527908294,0.10945837137574264,0.11052,0.10497,0.10471,0.10075,0.09876874532557955,0.0972724715495918,0.09536701585470928,0.09381801881045387,0.09236578458505669,0.09121,0.09073,0.18624919560082737,0.17923378112929814,0.17364,0.16748,0.16161,0.15728,0.14829,0.14293,0.13609,0.13009,0.12561,0.12019,0.11524,0.11019
08-01-2026 14:05,25930.35,0.11223,0.11198552217583588,0.11388,0.10824,0.10288,0.10302,0.09939,0.09783,0.09596065152426006,0.0946,0.09299938941918887,0.0916537594060725,0.0905,0.08920461156963386,0.18401,0.17810831553459525,0.17306,0.16707,0.16149,0.15425,0.14839,0.14210491710138978,0.13619,0.12993,0.12574,0.11978,0.11547,0.11007
08-01-2026 14:10,25918.0,0.12126842141083717,0.11928961777920832,0.11963,0.11897,0.11452,0.10989719967152783,0.10544,0.10303,0.10038,0.09775,0.09634,0.09436,0.09285,0.09241,0.18193,0.17706,0.17256,0.16621,0.16062,0.15337,0.14749,0.14216,0.13536,0.12937,0.12426334232443859,0.11915,0.11394997382369045,0.10909
08-01-2026 14:15,25928.1,0.12919910504329712,0.12166,0.11446,0.12067,0.11431483950094472,0.10934,0.10438,0.10159,0.09926,0.09697964318875303,0.09504,0.09328,0.0920672367551154,0.09133,0.1834731688255711,0.17777,0.17223,0.16661,0.16037849454995487,0.15413082734301858,0.14746,0.14187,0.13505,0.12877,0.12401,0.11844,0.11316701865317513,0.10785
08-01-2026 14:20,25935.4,0.13496,0.11721,0.12441,0.11023,0.1087,0.10348269794439653,0.09895,0.09649,0.09506,0.0934,0.09194,0.09027,0.08945309973908096,0.08901,0.18095,0.17527,0.17148,0.16355,0.15991,0.15465,0.14708,0.1407786025736935,0.13472,0.12884,0.12416,0.11825,0.11345788374797229,0.10851
08-01-2026 14:25,25922.75,0.11961742702211009,0.12481,0.13045,0.10787,0.10630403687261206,0.10105,0.09948,0.09755273997966593,0.09578260979878968,0.094,0.09245,0.09096,0.08972,0.08928,0.18314,0.17546,0.17224,0.16527,0.1604,0.15514,0.14826,0.14255,0.13589747613290887,0.12967,0.12467082809362014,0.11942,0.11485,0.10948
08-01-2026 14:30,25906.05,0.13827,0.13385,0.1379,0.12758,0.12218,0.11544,0.11051,0.10707,0.10419,0.10081,0.09840208754111739,0.09595,0.09343116180504732,0.09116772894214892,0.18033,0.17553,0.17091,0.16411,0.15937,0.15227,0.14627,0.1398667523807542,0.13373,0.12739,0.12271,0.11712,0.11207,0.10621
08-01-2026 14:35,25930.65,0.12256,0.12021,0.12677,0.11586,0.11047,0.10851,0.10262,0.09925,0.09721,0.09514512543376409,0.0933,0.09138,0.08976,0.08937,0.18112,0.17722,0.1712,0.16569,0.16028249481939125,0.15463,0.14743,0.14175,0.13484,0.12871,0.12343728312436747,0.11845,0.11364,0.10881952575853242
08-01-2026 14:40,25928.05,0.12441,0.11879097959731502,0.11769363082700525,0.11175953299621363,0.10867,0.10578,0.10106,0.09931,0.09753,0.09475,0.09305856181236499,0.09137601976754627,0.09002,0.08972,0.18119,0.17706,0.17122,0.16552,0.1595025200523815,0.15346,0.14686,0.14132,0.13479930965431067,0.12841,0.12388,0.11793,0.11295401881085224,0.10801
08-01-2026 14:45,25926.4,0.12557,0.12099174075253302,0.11923,0.11485,0.11037,0.10595187466171274,0.10178,0.09907,0.09678,0.09467,0.09333,0.09151,0.09017,0.0897,0.18282,0.17696,0.1702279795551845,0.16335,0.15887,0.15278,0.14648,0.14097,0.13398,0.12830538265957184,0.12295,0.11748,0.11224369975588462,0.10713
08-01-2026 14:50,25932.65,0.12118,0.11905,0.11428918233050314,0.10762429370077684,0.10319,0.09904,0.09626,0.09518,0.09333953936199606,0.09175,0.0903374980997757,0.08918,0.08805,0.08799,0.18086,0.17476,0.17156,0.1653209579647099,0.15964,0.15363023035829312,0.14722,0.14169,0.13492,0.12848,0.12409,0.11849,0.11391,0.1093265254192331
08-01-2026 14:55,25918.9,0.13056,0.12709,0.11701,0.11014,0.1061,0.10315,0.09977,0.09765,0.09557,0.09352,0.09229,0.09072969818547674,0.08947,0.08904,0.18171,0.17384,0.17044,0.16591,0.15867,0.15269,0.14649,0.14055,0.13422,0.12784,0.12326,0.1172,0.11302,0.10728
08-01-2026 15:00,25894.05,0.13432299189821398,0.11947,0.10472,0.10119,0.09553669470924395,0.09606622652636967,0.09391,0.09234,0.09109,0.08992,0.0891,0.08841922561272579,0.08786501251629206,0.08774,0.18089,0.17444875009417946,0.16887237677500358,0.16234,0.15753,0.15062,0.14532,0.13894,0.1332,0.12671,0.12274,0.11744803304996183,0.11307,0.10823491152150612
08-01-2026 15:05,25867.85,0.13369,0.12731,0.12359,0.11508,0.10997,0.10648,0.10299,0.10031,0.09800266584573192,0.09605640524156521,0.09458385793872082,0.09338,0.09204,0.09182,0.177,0.17062,0.16675,0.16034,0.15396,0.14916,0.14274897210653154,0.13662,0.13044,0.12476,0.11971679420180004,0.11449407574950492,0.11008,0.10543
08-01-2026 15:10,25878.85,0.12899,0.12152,0.115,0.11272,0.10769,0.10410731179553065,0.1008,0.09855,0.09645,0.09476856296895789,0.09346,0.09216330577103826,0.09113,0.09001431650915202,0.17776,0.1722,0.167099971086808,0.1613,0.15531049849579007,0.14926,0.14305,0.13722,0.1311390320915783,0.12524,0.12102,0.11568,0.11072,0.10574847055695574
08-01-2026 15:15,25875.3,0.13029,0.11994,0.11446,0.10992865767059719,0.1063,0.10282,0.10033,0.09768,0.0959,0.09413258790844779,0.09259,0.09148,0.09008,0.09017,0.17687,0.17032,0.16729,0.16056,0.15484,0.14784,0.14306,0.13708,0.13093,0.12467,0.12007131740770201,0.11562,0.11074,0.10584815119482825
08-01-2026 15:20,25877.45,0.13005,0.12392,0.1134,0.10786,0.10413125201265992,0.10106,0.09813,0.09608,0.09453,0.09270639967233812,0.09119,0.09032,0.08933920600387332,0.08863963649664171,0.17703,0.17111,0.16757617128822047,0.16272,0.15578,0.14932,0.14283,0.1368259711881792,0.13088,0.12505,0.12050926441622604,0.11589,0.1109164675880204,0.10639
08-01-2026 15:25,25872.2,0.12803,0.11592,0.11061,0.10494,0.10007,0.09872,0.0955504317885748,0.09347,0.0934,0.09211544216541391,0.09086,0.0897,0.0883,0.08906,0.18133964421954335,0.17433,0.16747,0.1595013908486322,0.15205,0.1494328048697351,0.14626,0.13817,0.13146826757080687,0.12504,0.12242,0.11678,0.11259,0.10838261407842097
09-01-2026 09:15,25899.85,0.14298,0.12727,0.12477161983959408,0.11953062439707048,0.11599,0.11149,0.1071099403999114,0.10327,0.10051,0.09754,0.09616,0.09412359455266264,0.09254,0.09258,0.17626,0.17371,0.1685,0.16185,0.15604,0.15102,0.14555191529241157,0.13935,0.13353,0.12681,0.12252,0.11718,0.11215438958814669,0.10734
09-01-2026 09:20,25916.2,0.13305,0.11103402491735553,0.09457,0.09091,0.08856,0.08824,0.08706,0.08685,0.08565,0.08505,0.08477,0.08448,0.084,0.08518,0.17816,0.17484,0.16986,0.16441364589121776,0.15765244991313368,0.15175,0.14643,0.14073,0.13492,0.12918,0.12466087742420395,0.11994,0.11537974738758519,0.11126
09-01-2026 09:25,25858.55,0.13567,0.12722,0.1183731956497563,0.11184,0.10806,0.10555,0.10028,0.0978,0.096,0.09421185051368232,0.09284,0.09082,0.08988,0.09067,0.1768,0.17023,0.16645,0.16029057410680247,0.1546,0.14865,0.14395,0.137,0.13104,0.12573,0.12155,0.1165,0.1118992011974522,0.10728
09-01-2026 09:30,25855.3,0.11631,0.1136767371905137,0.11129742767960703,0.10938,0.10492,0.10179,0.09982,0.09624,0.09472,0.09288406127788536,0.09208,0.09097,0.09035569673398078,0.09032,0.17635,0.17114,0.16663,0.15894,0.15504,0.148689894690853,0.14304,0.1370220804455438,0.1314635736171363,0.12588,0.12172,0.1166,0.1125,0.10776
09-01-2026 09:35,25832.05,0.13099,0.1306,0.12762,0.1166,0.11021,0.10683,0.10345,0.10058,0.0979657056596587,0.09572,0.0942701435416817,0.09351,0.09197,0.09299,0.17503,0.16911,0.1652,0.15805,0.15336,0.14717,0.14198,0.13561,0.12998,0.12431,0.11984471377908386,0.11504,0.1104,0.10589
09-01-2026 09:40,25822.35,0.14028,0.15544,0.14081,0.13978278890841367,0.13372070394619215,0.12408457738971695,0.11972,0.11436676717477953,0.10968,0.1066,0.10381,0.10112,0.09868,0.09897,0.17414,0.16845,0.16395,0.15682,0.15185,0.14647,0.14004,0.13288,0.12687,0.12082,0.11665,0.11089,0.10643,0.10141
09-01-2026 09:45,25853.6,0.12218,0.14562,0.14179,0.12956,0.12396758771571752,0.11759,0.11166,0.10760276759539947,0.10425,0.10106,0.09868,0.09701,0.09465,0.0947,0.1758,0.16972,0.16525414595604745,0.1598,0.15345,0.1476854854397115,0.1409367309109767,0.135,0.12908,0.12369261421157403,0.11879,0.11348587694530579,0.1084,0.10386
09-01-2026 09:50,25857.2,0.14752,0.13973461392644868,0.1292,0.12532,0.119693485309881,0.11474,0.10985,0.10596,0.10265593359660413,0.09983389528037488,0.09786,0.09569,0.09452154889830934,0.0942,0.17726,0.16998,0.16583,0.15944324246838612,0.15389,0.14876,0.14232956427943305,0.13581,0.13027734679266706,0.12442702417930938,0.11946,0.11446760881103242,0.10996,0.10532
09-01-2026 09:55,25884.0,0.13227034111639993,0.13078,0.12877,0.1207,0.11479,0.11041,0.10683,0.10269,0.09982,0.09704,0.09541,0.09358,0.09172,0.09189,0.17671482918327153,0.17206,0.16751,0.16047,0.1539,0.15059,0.14326,0.13759,0.13157,0.12543,0.12063234526117403,0.11556825675654174,0.11114365758894554,0.10705
09-01-2026 10:00,25894.2,0.12583,0.11041,0.10847,0.10596656610148142,0.10376,0.10087,0.09838,0.09637,0.09421,0.09290525153253881,0.09171,0.0903,0.08883,0.08974,0.18005,0.17232,0.16905,0.16207249122367742,0.15589,0.14987211008695472,0.14373,0.13851,0.13249,0.12646,0.12252,0.11687,0.11256,0.10825845440327907
09-01-2026 10:05,25862.35,0.14485,0.12893,0.13607,0.12919,0.12044988169266337,0.11323,0.1088,0.10481,0.1016,0.09914840994125504,0.09707,0.0948,0.09299,0.09339,0.17742,0.17239,0.16723,0.15954,0.15396,0.14826,0.14211,0.136357017756303,0.1305,0.12458,0.11962517334612013,0.11443,0.11017,0.10536
09-01-2026 10:10,25871.6,0.13977,0.1223,0.1204,0.10981,0.1064,0.10257,0.09915,0.09632,0.09445,0.0929,0.09191,0.09094886528314458,0.09002258205584997,0.08995,0.17901,0.17304,0.16769,0.1604,0.1555,0.14941,0.14350800729325747,0.1376,0.13158,0.12554,0.12159,0.11609,0.11181,0.10716
09-01-2026 10:15,25866.2,0.13361,0.12299,0.11845,0.1129,0.10865421502657892,0.10452,0.10083,0.09703,0.09536,0.09384,0.09240533309483018,0.09124682156007906,0.09015,0.09082,0.17772,0.17268,0.16713,0.16003,0.15512,0.14903,0.14257,0.13707,0.13106,0.12554,0.12071,0.11517,0.11127,0.10737239940520069
09-01-2026 10:20,25855.2,0.14414256934422137,0.13817,0.13246,0.12533,0.11987,0.11237578097874018,0.10634,0.10197,0.09926,0.09696,0.09535,0.09359,0.09239,0.09265,0.17907,0.17310101498047425,0.16755538552984758,0.16128,0.15434,0.14824,0.14161,0.13586,0.12998,0.12342,0.11918,0.11401,0.10936,0.10442
09-01-2026 10:25,25858.65,0.15299,0.14164,0.13545,0.128,0.1207142732050432,0.11408,0.10968,0.10496,0.10207,0.09932,0.09714828647514939,0.09509,0.09331,0.09162326814047606,0.17933,0.1743,0.1678,0.16154,0.1550523668925332,0.14896,0.1416,0.13626,0.13014,0.12433,0.11992,0.11431,0.10963470909149088,0.10487
09-01-2026 10:30,25876.25,0.14372,0.12319,0.12244,0.10581,0.10194,0.09806,0.09564,0.09339,0.09181,0.09045,0.08954,0.08862,0.0876,0.08862,0.18055,0.17554,0.16925,0.16352,0.15555,0.15004322304659243,0.14434,0.13813,0.13222,0.12616,0.12175,0.11681976776862256,0.11267,0.10792
09-01-2026 10:35,25856.25,0.13386,0.12186,0.11509,0.11409,0.11083,0.10442,0.10153,0.09794,0.09652,0.09387,0.0931,0.09138586743941407,0.09015,0.09111,0.17919,0.17291,0.16785,0.16049,0.15512,0.14920838755874047,0.14313,0.13699,0.13113,0.12489,0.1201843138664117,0.11514,0.11095,0.10594
09-01-2026 10:40,25848.5,0.13828,0.13072,0.12174,0.11586203708212307,0.11156,0.10677,0.10343,0.09947,0.09733341589562751,0.09520094505041538,0.09413,0.09245,0.09055160783684814,0.08920643173606957,0.177,0.17175,0.1664223409332919,0.1605,0.15457,0.14841,0.14173,0.13616,0.13031,0.12478443100802172,0.11965,0.11418,0.10961370550615651,0.10499
09-01-2026 10:45,25856.0,0.1331822337327599,0.12691,0.12061419309506861,0.11382805068732219,0.10894,0.10426,0.10107,0.09729,0.09535,0.09318,0.09212,0.09067895837845458,0.08965,0.09047,0.17921,0.17163,0.16709,0.16105,0.15497,0.14836,0.14247300913955493,0.13662,0.13056,0.12437,0.11984,0.11436,0.10972341209445871,0.10507
09-01-2026 10:50,25857.85,0.12575,0.12071,0.10942,0.1029,0.10115,0.09755,0.0956274463949076,0.09272514221769229,0.09129144773697082,0.08997,0.08915,0.08859,0.08780532274947489,0.08757606112475143,0.17913,0.172,0.16724,0.16100277120040923,0.15511,0.14851,0.14315,0.13715,0.1306,0.12494,0.12071,0.11531,0.11159,0.10663
09-01-2026 10:55,25829.65,0.12173,0.13509,0.1134,0.11215,0.10597,0.10186,0.09907,0.0963,0.09507,0.09307,0.0924,0.09112122914755888,0.09028,0.09146,0.17454967463177037,0.17006,0.16565,0.15919,0.15275,0.14645,0.14105,0.13537,0.12942,0.12397978650873483,0.11907,0.1142192418744732,0.11001,0.10509
09-01-2026 11:00,25812.95,0.1675187883351354,0.14272,0.11773,0.11095,0.10633,0.1019477616729369,0.09944094167568605,0.09664,0.09499,0.09329,0.09252,0.09146,0.0908,0.09218,0.17375,0.16891,0.1641,0.15801,0.15038,0.14383,0.13952,0.13385,0.12801,0.12206,0.11785,0.11253466271314246,0.10819049388886556,0.10372
09-01-2026 11:05,25810.2,0.13273,0.12632034332393283,0.11842,0.11349345426090413,0.10914,0.1052012655664157,0.10222,0.0984,0.09696,0.09459,0.09354,0.09227,0.09127,0.09265,0.1731,0.16874,0.16440884725265878,0.15782,0.1536,0.14333,0.13829367580318475,0.1334,0.12724,0.12214,0.11763,0.11213,0.10826,0.10437633701101996
09-01-2026 11:10,25819.45,0.11909919095949252,0.11504,0.11078,0.10570378773887332,0.10212,0.09707,0.09492188253850872,0.09292,0.09129,0.09002,0.08973,0.08945,0.08886,0.09057,0.17655,0.1701469325619087,0.16439,0.1585,0.15188,0.14781,0.14072,0.13474,0.12887,0.12330963663730586,0.11867,0.11354,0.10999,0.10642505956251054
09-01-2026 11:15,25805.3,0.12636,0.11857,0.1129,0.11045,0.10525,0.10169585999800868,0.09905,0.09601,0.09436,0.0927,0.0923,0.09144,0.09145069814976325,0.09233,0.17514,0.16843,0.16398,0.1575,0.1523307503772305,0.14676,0.14006,0.1339,0.1280305503194026,0.12245,0.11782,0.11268,0.10864,0.10376
09-01-2026 11:20,25797.5,0.13138319586792796,0.12365,0.1158,0.10995069326518117,0.10532,0.10169,0.09969,0.0968,0.09541,0.09379,0.09248,0.09198,0.09139,0.09279,0.17105,0.17038,0.16344,0.15695,0.15129,0.1454,0.13908,0.13307,0.12716,0.12153,0.11701,0.11186,0.10775,0.10286
09-01-2026 11:25,25799.65,0.13192,0.12292,0.11743,0.11411,0.10979833655822249,0.10561,0.10227,0.09918,0.0971,0.09498,0.09443,0.09333,0.09254,0.0939,0.17363,0.17055,0.16436,0.15712,0.15146,0.14637,0.13926,0.13349,0.12742193063192497,0.12162,0.11711,0.11184,0.10764,0.10342496076142452
09-01-2026 11:30,25809.4,0.12855,0.12128513260290517,0.11577,0.10497,0.10617,0.09831,0.09527,0.09358,0.09225,0.09053,0.08983828122863448,0.08988,0.08972,0.09155,0.17384,0.16829,0.16309219314434797,0.15742103398521387,0.15186,0.14628,0.14001,0.13433659265718714,0.12853718497861144,0.12291,0.11795,0.11295145656369043,0.108637294084179,0.10429
09-01-2026 11:35,25776.0,0.1203404648068248,0.11666389956898549,0.1124,0.10842,0.1043,0.10077572051747527,0.09832478443947594,0.09582,0.09455,0.09282,0.09248,0.09187,0.09137,0.09325,0.17295,0.16871,0.16379,0.15747500689189858,0.15116,0.14588,0.13918,0.13343,0.12762916399567018,0.12214,0.11801,0.11312,0.10927,0.10467
09-01-2026 11:40,25764.3,0.12402,0.11844569757361562,0.11266,0.10838,0.10458,0.10002,0.09787302008236569,0.09586051380081632,0.0949,0.09302,0.09277,0.09217,0.09178,0.09368,0.17327,0.1679,0.1635,0.15682,0.15015,0.14304,0.13917,0.13286,0.12801718455612332,0.1222983405253273,0.11762,0.11281,0.1085563432264974,0.10434
09-01-2026 11:45,25759.6,0.1246,0.1174,0.11296,0.10788,0.10384,0.10107,0.09909,0.0967892343571078,0.09532186988241734,0.09381,0.09322067655791058,0.09289,0.0925,0.09220678571862545,0.17404,0.16779,0.16335,0.15714,0.15348,0.1448,0.13781,0.13273,0.1273,0.12195,0.11783,0.11298,0.10925,0.10483
09-01-2026 11:50,25748.85,0.11867760223301518,0.1156,0.11228960123281168,0.1091147601509265,0.10639,0.10327,0.10085,0.09828,0.09654057413749793,0.09501,0.09427,0.09372,0.09334,0.09305674791135185,0.17309,0.16704,0.16363,0.15588,0.15184,0.14262,0.13909,0.13266,0.12732,0.12158,0.11764,0.11272,0.10858605942451005,0.10442
09-01-2026 11:55,25747.75,0.12476,0.12003,0.11435137680528405,0.10947,0.10618501853523167,0.10313,0.1003136229662424,0.09761,0.09638,0.09487,0.09399,0.09352630986936845,0.09347,0.09537,0.17387,0.16928,0.1649,0.15866,0.15185326583308115,0.14393204140914898,0.13755,0.13222188714521263,0.12762,0.12219,0.11814,0.11338636187883917,0.10922,0.10487
09-01-2026 12:00,25743.15,0.13228,0.12221,0.11891,0.11635,0.11210236239686455,0.10741,0.10379689468946812,0.10049,0.09866,0.09675,0.09587,0.09508211383480565,0.09475,0.0964,0.17249928732976022,0.16802,0.16358,0.15848,0.15158,0.14386,0.1379138651437665,0.13202,0.12579,0.12008,0.11551548223858506,0.11067,0.10671,0.10182
09-01-2026 12:05,25753.7,0.12165,0.12006,0.1133,0.10835958634599953,0.10417,0.10205,0.09949,0.09693,0.09535810220232771,0.09403,0.09353,0.09325,0.09313,0.09310708754618298,0.17411,0.16841,0.1647,0.15928,0.15238,0.14468,0.14064,0.13363,0.12757499363766991,0.12176,0.11758,0.11235,0.10889,0.10423
09-01-2026 12:10,25746.8,0.11672,0.11435,0.10901,0.10573934652332777,0.10277,0.10029,0.09794,0.09613570736294656,0.09496,0.09365,0.09328,0.09315757132628633,0.0935,0.09519,0.17406,0.1685,0.16421,0.15878,0.15280624870247697,0.14520560186557888,0.13886,0.13416,0.12796,0.12188,0.11816,0.11283,0.1091,0.10466
09-01-2026 12:15,25744.0,0.1284,0.11526,0.11203982043009135,0.10757500098895113,0.10388,0.10155,0.0990995859700598,0.09705067434399528,0.09568,0.09451,0.09342687867217646,0.0922472300781473,0.09087899517942384,0.08996222285658799,0.17509088401318657,0.16926,0.16352,0.15650755556507176,0.15028114900820633,0.14363483004094316,0.13744,0.13277,0.12678,0.12097,0.1169,0.11181,0.10814,0.1035
09-01-2026 12:20,25738.7,0.11805,0.11418,0.1091,0.10497,0.10187,0.09897,0.0973,0.09516,0.09412,0.09323,0.09295,0.0933,0.09377,0.09568,0.17311,0.16962,0.16301402176251545,0.15587,0.15058,0.14357,0.13789,0.13214,0.12587,0.12067146198873926,0.11614453830934106,0.1116,0.1074984569108268,0.10358
09-01-2026 12:25,25737.5,0.10941,0.10511,0.10629,0.09865,0.09742,0.09601,0.09433,0.09271,0.09196,0.0914,0.09129,0.09187,0.09267,0.0947,0.17366,0.16534,0.16391,0.1569,0.1511909494341999,0.14376,0.13813679574637308,0.13292,0.12689321855541058,0.12104,0.11744,0.11276,0.10871962343176812,0.10484
09-01-2026 12:30,25724.25,0.11536,0.11023,0.1069,0.10431,0.10061,0.09884,0.09649,0.09464,0.09402,0.09313,0.09304,0.09347,0.09452436018150662,0.09648,0.1651682616329265,0.16442,0.16377,0.15531,0.15051,0.14394,0.1380159568129865,0.13229,0.12577,0.12044,0.11671,0.11227143621484859,0.10843,0.10371
09-01-2026 12:35,25712.65,0.11323,0.10829,0.1045,0.10192,0.09951,0.09765678323027994,0.09626,0.09479,0.09436,0.09358,0.0939,0.09457,0.09579292064142664,0.0979,0.17528,0.16956,0.16529,0.15899884595996247,0.153,0.14602784801243843,0.13946,0.13458,0.12846,0.12389547244415196,0.11983,0.115441832158399,0.11176,0.10717
09-01-2026 12:40,25689.45,0.11739,0.11336,0.10882,0.10546,0.10281,0.10124,0.0992297021117341,0.09745,0.0966,0.0958911832423155,0.09592,0.09656,0.0978,0.09994,0.1751,0.17006,0.16506,0.15839766178348422,0.15211,0.14599,0.13954,0.1342,0.12763,0.12249,0.11887,0.11394,0.11,0.10574
09-01-2026 12:45,25685.25,0.10932,0.10579567368313726,0.10217,0.1025,0.10058,0.09812,0.09674546602158672,0.09523867879093438,0.09491941769115951,0.09488,0.09577,0.09679,0.09818207355146495,0.10032,0.17535,0.1699872807801489,0.16505,0.15817360698337937,0.1517645835074856,0.14521,0.13911,0.13377,0.12754,0.12272,0.11887,0.11426,0.11071,0.1071376498704607
09-01-2026 12:50,25678.5,0.12829,0.12136736527847984,0.11553,0.11097534432145814,0.1072,0.10395,0.10167,0.09964,0.09878,0.09762,0.09776958855068951,0.09849,0.09949,0.10145,0.17887666041101688,0.17056,0.16233,0.15599217454642772,0.14938,0.14329,0.13477,0.13075,0.1244,0.11944,0.11544,0.11085,0.10704,0.10251
09-01-2026 12:55,25695.15,0.12027,0.11243,0.11052,0.10742,0.10500326077699183,0.10170357168882382,0.09972,0.09771,0.09703,0.09608,0.09627,0.0968,0.09761,0.09973,0.17501,0.17181,0.16434,0.1576677828006505,0.15145,0.14496,0.13844,0.13282332764010693,0.12703,0.12174,0.11744616325579964,0.11301,0.10916,0.10509
09-01-2026 13:00,25694.0,0.1160564188140615,0.11285,0.10979,0.10675,0.10394188099567607,0.10131,0.09954570832625124,0.09794,0.09704,0.09577,0.09623,0.09692,0.09794327470123872,0.09985,0.17567,0.17174,0.16532,0.15674,0.15081799390868464,0.14488,0.1389,0.1333,0.12729,0.12233,0.11798,0.11362161773764917,0.10973,0.10531
09-01-2026 13:05,25687.3,0.12321,0.11865,0.11451,0.10988,0.10627,0.10377,0.10167,0.09932,0.09784600764868849,0.09691,0.09726,0.09796,0.09855409375959528,0.0993712602934291,0.17521,0.1700643291730688,0.16483,0.15805124568695006,0.15176,0.1458193788318718,0.1393965658051472,0.13305,0.12682,0.12189306714384847,0.11725451000963684,0.11257065049884168,0.10859471194949838,0.10469
09-01-2026 13:10,25691.5,0.11954387466166135,0.11744,0.11545,0.10842,0.10596,0.10336,0.10088,0.09927033616079568,0.09821,0.09717848780698095,0.09704,0.09744,0.09853917471992346,0.10037,0.17552,0.16948,0.16390276952800975,0.15758537969891329,0.15197,0.14563040525798435,0.13936,0.13369,0.12693,0.12183,0.11751,0.11275,0.1095,0.1049
09-01-2026 13:15,25696.8,0.12103,0.11616533135445915,0.11193,0.10906,0.10638,0.10361878638775568,0.10174302908345123,0.09983115906349524,0.09865,0.0976802169494538,0.09750829634782479,0.09762,0.09831,0.10017,0.17556,0.16988,0.16483,0.15822750952524153,0.15176,0.14418,0.13875334799218014,0.13366,0.12696,0.12177,0.11768,0.11275,0.10873650570873672,0.10454
09-01-2026 13:20,25704.7,0.12094618898926691,0.11566,0.11049,0.10641,0.10375789687144461,0.10143,0.09899,0.09758,0.09689,0.09572,0.096,0.09672,0.09757,0.09942,0.17485,0.16771,0.16437,0.15842490762721512,0.15238,0.14601,0.13882,0.13355,0.1271,0.12201,0.11774,0.11275,0.1087918989144003,0.10466
09-01-2026 13:25,25701.95,0.12224,0.11670814669256625,0.11251,0.10795,0.10579,0.10305,0.10117,0.09904,0.09799,0.09694,0.09686068722606257,0.09733,0.09843,0.10009,0.17541,0.16753,0.16479,0.15654,0.15179,0.14545,0.13938,0.1332077445669727,0.12732,0.12201,0.11797,0.11302,0.10946,0.10589388315582968
09-01-2026 13:30,25705.5,0.11593,0.10972,0.10335,0.10307,0.10018,0.09862,0.09718,0.09606816040747836,0.09555,0.09465,0.09496,0.09588,0.09702918086324319,0.09903,0.17569,0.17073,0.16537,0.15682,0.15272,0.14665482886945316,0.14043,0.13508,0.12859,0.12355,0.11929,0.11499745297641141,0.11129,0.10651
09-01-2026 13:35,25704.05,0.12743,0.12134897124251012,0.11612409380768651,0.11167,0.10775,0.10526,0.10226,0.10062825045435013,0.09945,0.09827364212000465,0.09781,0.09816,0.09904,0.10073,0.17428,0.16883642955746483,0.16374,0.15716867640058496,0.15106,0.14576,0.1389281216036576,0.13284,0.1265743391448269,0.12096,0.1165,0.11202,0.1086,0.10515962474161729
09-01-2026 13:40,25707.75,0.10972,0.10640586897669023,0.1037,0.10079782099094775,0.09823,0.09644,0.09503,0.0943,0.09393,0.09321,0.09384,0.095,0.09637,0.09774885175648787,0.17513,0.16888,0.16496,0.15582,0.15254,0.14654,0.1401,0.1343049644954133,0.12819,0.12362,0.11893690367451144,0.11463,0.11134,0.10802910577816027
09-01-2026 13:45,25683.75,0.11213123599609143,0.11147,0.11084,0.10705,0.10388,0.10133,0.09953,0.09777,0.09646271943127242,0.0957,0.09627,0.09717,0.09848,0.10032,0.17398,0.1684293584070912,0.16334,0.15655855445845235,0.1507,0.14456084529134586,0.13810221762390104,0.13275,0.12644,0.12138,0.11727,0.11252,0.10907,0.10425
09-01-2026 13:50,25682.0,0.11444,0.11369,0.10944760388867422,0.1056,0.10242,0.10013,0.09821416940048985,0.09695,0.09655,0.09592502842416564,0.09612,0.09718,0.0986,0.10046,0.16839913205806298,0.1658,0.16322,0.15392,0.15058,0.14454,0.13837,0.13319,0.1276099460628853,0.12243264773066963,0.11776,0.11325,0.10975,0.1051
09-01-2026 13:55,25665.25,0.13117,0.11883,0.11563478631700337,0.11176156701084457,0.10983,0.10688,0.10407,0.10189,0.10099,0.09943,0.09955,0.10003,0.10098168723574304,0.10274,0.1725,0.1646,0.16063474219792626,0.15528,0.14904,0.14288,0.13651,0.13106,0.12472,0.11955,0.11552,0.11076,0.10706,0.10236
09-01-2026 14:00,25689.05,0.11498,0.1132,0.10849,0.1057544310100432,0.10267,0.10027,0.0982963213596078,0.09693,0.09591559781951539,0.09531,0.0958,0.09696,0.09858,0.10034,0.17441,0.16895,0.16408,0.1571,0.15175733981915657,0.14532492662062765,0.1389599207309582,0.13398,0.12735,0.12225,0.11836,0.1135,0.11011,0.10547
09-01-2026 14:05,25678.55,0.12523431300007745,0.12009,0.11467678679006417,0.10995,0.1064,0.10305,0.10082,0.09954,0.09859,0.09715,0.09738,0.09828,0.09941,0.10108,0.17367,0.16886,0.16361,0.15679795543234643,0.15061,0.14446406034039375,0.13800289879265185,0.13275,0.12639,0.12141,0.11734,0.11256,0.10876,0.10422
09-01-2026 14:10,25674.05,0.11993,0.11283134170893813,0.10659,0.10482,0.10293,0.1001,0.09781,0.09679,0.09658,0.0955,0.09608,0.09668780855756913,0.09721890798137409,0.09780463339667424,0.17391,0.16854,0.16343,0.155,0.15065,0.1446637887984633,0.13852,0.13304,0.12686,0.12237000849911633,0.11832,0.11367,0.11005,0.10553
09-01-2026 14:15,25669.0,0.11382,0.11203,0.10784,0.10512122764505424,0.10262,0.10114,0.09873,0.09726,0.09676,0.09572,0.09619,0.09744,0.09886,0.10039,0.17392,0.17027,0.16336,0.157,0.1504,0.14252,0.13853,0.13282,0.12685,0.12213,0.11774,0.11297,0.10935,0.10483
09-01-2026 14:20,25668.65,0.11460921119959717,0.11177,0.10867625302995858,0.10614,0.10316,0.10092,0.09864,0.09744514291946214,0.09688,0.09562,0.09597,0.09731,0.09845,0.10029,0.17337,0.16979,0.16261,0.15636691040134787,0.15026,0.14426094723276572,0.13817255838333814,0.13298,0.12675,0.12182,0.11772,0.113,0.10914152325183489,0.10508
09-01-2026 14:25,25671.35,0.11449,0.11016008239611784,0.10674,0.1025,0.10022467939544782,0.0984,0.09697,0.09582,0.09539,0.09442,0.09527,0.09626,0.09792,0.09983,0.17321,0.17,0.16342,0.15766510758259844,0.1508452978683914,0.14468258923784785,0.13865,0.13368,0.12757,0.12228,0.11872,0.11392,0.11039,0.1068387460624379
09-01-2026 14:30,25652.65,0.1269,0.12078,0.11398,0.11234,0.10794,0.10499,0.10242,0.10049223401437288,0.09938,0.09808,0.0983,0.09893311871464623,0.10044,0.102,0.17453,0.16863,0.16167662415725953,0.15484,0.14865793888194467,0.14255,0.13683,0.13149,0.12523,0.12042,0.11625,0.11135,0.10737,0.10319
09-01-2026 14:35,25659.1,0.12071,0.11683,0.1133,0.1082,0.10504,0.10241,0.10027361200393704,0.09844,0.09796,0.09651,0.09719,0.09831,0.09967,0.10142,0.17291,0.16652,0.16282,0.15575,0.15032198227579338,0.14343138224592486,0.13757,0.13231,0.1265743521587087,0.12136,0.11741,0.11274,0.10915,0.10462
09-01-2026 14:40,25650.4,0.12429135505705996,0.11901,0.11374,0.1103,0.10666052082174363,0.10393,0.10153,0.0997098116434797,0.09863,0.09785740008630582,0.098,0.09876,0.10005044055267157,0.10194,0.17391231629572554,0.1685,0.16305,0.15801,0.15037,0.14286,0.13719,0.13241,0.12612,0.12102,0.11697,0.11206,0.10843,0.10422
09-01-2026 14:45,25668.25,0.11893,0.11459212741640667,0.11041,0.10761,0.10461506813525298,0.1021,0.09986,0.09815,0.0978,0.09646,0.09693,0.09755,0.09897,0.10073,0.17396,0.16722,0.16383,0.1562,0.1508,0.14406,0.13782,0.13211158039885923,0.12667684772715454,0.12162,0.11754,0.11257,0.109,0.10484
09-01-2026 14:50,25663.45,0.11923,0.1159,0.11115,0.10822,0.10457,0.10245,0.10011,0.09834,0.09734534266460644,0.09664,0.09701,0.09776402045814277,0.09928,0.10092,0.17416,0.1689753534502694,0.16363,0.15667,0.15093,0.14334,0.13817,0.13298,0.12678,0.1217,0.11772,0.11271,0.10912,0.10492
09-01-2026 14:55,25674.9,0.11822,0.1133,0.10902,0.1054,0.10275281674612563,0.10099,0.09814,0.0972808619909061,0.09696,0.09556,0.0958,0.09655,0.09819,0.10004,0.17375,0.16822898764176494,0.16283706508020462,0.15674,0.15109,0.14426,0.13849,0.13284,0.12678,0.12179,0.11742911755397217,0.11291,0.10919,0.10506
09-01-2026 15:00,25668.55,0.12334,0.11686,0.1126854006301434,0.10907,0.10530802866423819,0.10296812447884862,0.10029547900663975,0.09847,0.09805,0.09666,0.09714,0.09787,0.09934,0.10078870389435735,0.17385,0.16679,0.16226086401024653,0.15668,0.15036,0.14377715231398813,0.13746,0.1327,0.12641,0.12116,0.11678,0.11209,0.10836,0.10429
09-01-2026 15:05,25679.0,0.12261,0.11496,0.11263,0.10917,0.10541107109867953,0.10242,0.1002,0.0985,0.09781,0.09643,0.09701,0.09746,0.09913,0.10077794774888542,0.17315,0.16824,0.16306,0.15652,0.15050712577018985,0.1436809814195904,0.13757,0.13236,0.12621,0.1212,0.1166,0.11165,0.10681624055487711,0.10178168884693997
09-01-2026 15:10,25688.85,0.11852679526823241,0.11582,0.11321,0.10988,0.10583,0.10386,0.10089,0.09887,0.098,0.09658,0.09670113885973623,0.09724,0.09912,0.10076,0.17298975340655523,0.16743,0.16217707203083204,0.15642,0.15002,0.14398,0.1376,0.1327,0.12667725575150043,0.12124,0.11718,0.11255,0.108034957986306,0.10331785138133623
09-01-2026 15:15,25690.6,0.11382806259827166,0.1108,0.10787,0.10435,0.10131,0.10057,0.09761,0.09655678254859,0.09560793353309593,0.09521,0.09612,0.09663,0.09878,0.10097,0.17363,0.16809,0.16381,0.15799,0.15185514326490882,0.14544099938438243,0.13885,0.1333427655428943,0.12782,0.12305503385026026,0.11865,0.11432744689508355,0.11073,0.10651
09-01-2026 15:20,25695.2,0.12577919471163426,0.11937451534593745,0.11336,0.10723,0.10467409121590111,0.10272,0.10044493774002881,0.09868,0.09815,0.09697549817464422,0.09688,0.09766,0.09924,0.10136,0.17185228747275044,0.16844,0.16508,0.15679,0.15261,0.14593,0.14029,0.13487,0.12864,0.12347704514636207,0.11896,0.1143,0.11059,0.10685645180400048
09-01-2026 15:25,25688.2,0.13292,0.12614,0.12044,0.11608414609343795,0.11233,0.10939,0.10641,0.10353,0.10180955023229392,0.09990455497948687,0.09965,0.09992,0.10147,0.10334,0.17462,0.16795,0.16501,0.15839715502195628,0.15288375031650694,0.14643,0.14025093741511738,0.13467,0.12881,0.12288,0.11896,0.11234,0.10955,0.10414
12-01-2026 09:15,25657.45,0.11474652963509666,0.11324,0.11181,0.10923,0.10651,0.10512,0.10354,0.1025,0.10218806772051664,0.10202301414548394,0.10287,0.10466,0.10656,0.10945,0.1905,0.18496,0.17643809233705593,0.16792,0.16397,0.15764,0.15087,0.14559,0.13863,0.13422,0.12931,0.12481372390181104,0.1207,0.11627
12-01-2026 09:20,25594.15,0.1279136781946881,0.12206,0.1163,0.1162,0.11314559496706918,0.1116,0.10988291201804783,0.10867,0.10825,0.10783,0.10912,0.11053,0.11293,0.11619,0.18837,0.18215,0.17641,0.17045,0.1629681066100179,0.15582,0.14937,0.14418,0.1382772286575278,0.13308,0.1284174653766293,0.12372,0.11919240751045063,0.11439059902089475
12-01-2026 09:25,25548.3,0.13463,0.13255,0.12451,0.12229,0.1187,0.11659,0.1142501063513464,0.11275,0.11187,0.11185,0.11286738670506832,0.11469,0.11707,0.12066,0.18706,0.18142,0.17544,0.16842,0.16152,0.15484,0.14868,0.1434,0.13738,0.13229887944761878,0.12763,0.12272,0.11844,0.1144
12-01-2026 09:30,25559.65,0.139738946387562,0.13513,0.13053,0.12762,0.12336330339307869,0.11992,0.11711824192518083,0.11528,0.11415825508091866,0.11364,0.11442,0.11596,0.11845,0.12193,0.18674,0.1805960731929897,0.17460529030664693,0.16872,0.16123,0.1546,0.14860454292467495,0.14294,0.13629,0.1307,0.12579,0.12049,0.11614,0.11154
12-01-2026 09:35,25575.3,0.14006,0.13464,0.12761,0.1248,0.12047,0.11798749645703481,0.11550476774903005,0.11320439683625612,0.1125,0.11211,0.11300036436901435,0.11439,0.11676,0.11911919342343448,0.18503,0.1793472389682102,0.17376,0.16686,0.16,0.15408,0.14815,0.1426926608768402,0.13685577779976985,0.13138068795346947,0.12645,0.12142,0.11707328071513871,0.11271
12-01-2026 09:40,25569.55,0.13201597110199606,0.12814,0.12379039991572087,0.12038,0.11743,0.11497,0.11236,0.11087,0.11045,0.11015,0.11133,0.11332,0.11595,0.1195,0.18611,0.18025574493512475,0.17467,0.1679,0.16147,0.15594,0.14974,0.1448,0.13895414078724333,0.13346716857662258,0.12831,0.12336,0.11915,0.11505
12-01-2026 09:45,25560.8,0.14288,0.13986,0.13543,0.13261,0.12714,0.12351,0.11999,0.11711,0.11605,0.11475,0.11528,0.11638,0.11747453058811078,0.11856777605582518,0.18657,0.18097401003723682,0.17502,0.16911,0.16194,0.15526,0.14912,0.14334,0.13702,0.13124,0.1257670212274948,0.12046,0.11550772518919405,0.1107
12-01-2026 09:50,25588.7,0.13697,0.13079,0.12626810914721512,0.12282,0.11879,0.11587,0.1133,0.1114007361382778,0.11025786805390383,0.10979,0.11073,0.11209,0.11424,0.11756,0.18788,0.18272,0.17674,0.17095,0.16343,0.1574,0.1512,0.14596,0.13945,0.13402,0.12872,0.12356,0.11927758171825542,0.11512
12-01-2026 09:55,25588.5,0.12519,0.11951,0.11621522127288872,0.11372,0.11107,0.10914881959340872,0.10768,0.1066546437490326,0.10652,0.10686,0.10814946573293022,0.11001,0.11290084647850751,0.11653,0.18743832633027502,0.18242,0.17742,0.17095,0.1641,0.15841,0.15246,0.147,0.14067,0.13527,0.13053,0.12529,0.12014784570011824,0.11486343965456793
12-01-2026 10:00,25564.15,0.1442149407750929,0.13787,0.13159,0.12824,0.12398,0.12024848054286214,0.11732,0.11475,0.11375,0.11304188355638994,0.11340185808001116,0.11464,0.11676,0.12025,0.18474,0.18026,0.17374,0.16725,0.1605,0.15419,0.14812,0.14258,0.13552,0.1301,0.1247024117347352,0.11957,0.11465,0.11054
12-01-2026 10:05,25588.7,0.13313,0.12825,0.12214,0.11971,0.11604,0.11335,0.11096,0.10916,0.10861,0.10851,0.10967,0.1111,0.11368,0.11713,0.18794,0.18258552712826176,0.17721,0.17052,0.16393,0.15746353032867327,0.15106,0.14561,0.13944208563323113,0.13391112690878748,0.12854601107041094,0.12301,0.11852,0.1140478041452564
12-01-2026 10:10,25566.95,0.1341,0.127,0.12233,0.11971,0.11643432319017216,0.11383,0.11152,0.10984,0.10919,0.10922,0.11084,0.11243136550562642,0.11502078415618036,0.11835,0.18718,0.18098,0.17499217749149287,0.1687894573773676,0.16279,0.1563,0.15058,0.14488,0.13799,0.13263,0.12756,0.12253711103247951,0.11787,0.11383
12-01-2026 10:15,25557.55,0.14588,0.13846,0.13169,0.12799,0.12354,0.11972,0.11606,0.11398,0.11253,0.11213,0.11265390638397349,0.11392,0.11478303529413379,0.11570618721810687,0.18542576881643408,0.18007,0.17472,0.1676,0.16109,0.15445,0.14828,0.14201369115746895,0.13556,0.12978,0.12447757093901499,0.11929,0.11410096407684964,0.10889075707604967
12-01-2026 10:20,25583.3,0.1321127091142051,0.12801,0.12396,0.12163,0.11793,0.11486,0.11166,0.11001,0.10913,0.10842,0.10982,0.11101,0.11345,0.11589052297961688,0.18773,0.18178,0.17694,0.17023,0.16335909622812614,0.15691,0.1507,0.14521,0.13843,0.13265,0.12716988430366735,0.12200163914605909,0.11752,0.11314
12-01-2026 10:25,25574.15,0.14285264973419892,0.13623,0.12967,0.12376,0.11887,0.11599,0.11294720034507671,0.1110317344624123,0.11000318774684546,0.1095,0.11075,0.11194,0.11423,0.11789,0.18652381471888047,0.18134,0.17618,0.16883,0.1626,0.15615704829345634,0.15028082153596334,0.14418,0.13768,0.13146,0.12617,0.12103341530469554,0.11655,0.11219
12-01-2026 10:30,25584.2,0.12831045168257282,0.12478,0.1213,0.11695,0.11385,0.11154,0.10892703233499132,0.10727,0.10654,0.10672,0.10775124580694781,0.10943,0.11229,0.11575,0.1885,0.18265,0.17719,0.17009,0.16362,0.15743,0.15109,0.1450604294234396,0.13905,0.13309,0.12789,0.12261,0.1185,0.11429
12-01-2026 10:35,25564.75,0.13492,0.1278,0.12383413726568131,0.12019,0.11652,0.1134438170116871,0.11093,0.1091,0.10819,0.108,0.10963,0.11056,0.1136039677033291,0.1173,0.18742,0.18134,0.17634,0.16927,0.16235,0.15578,0.14955,0.14395,0.13749514694624831,0.13153,0.12646,0.12132,0.11691,0.11272
12-01-2026 10:40,25572.4,0.13601,0.12912274005792757,0.12330408194944852,0.11868045990522753,0.11433,0.11195,0.1096,0.1079,0.10715,0.10698,0.10851,0.10977,0.11276939043919865,0.11652,0.18839,0.1817,0.17701,0.1702,0.16316,0.15689,0.15047,0.14502,0.13819,0.13259,0.12758,0.12226,0.11699536980997016,0.11167811871772942
12-01-2026 10:45,25556.8,0.1375,0.13167,0.12703,0.12366,0.119,0.11582,0.11307,0.11089,0.10987513181172903,0.10963,0.11052741171377803,0.11206792028246457,0.11478,0.11859,0.18665,0.1813,0.17556,0.16825,0.16157,0.15509,0.14892527087311078,0.14305,0.13636,0.13061,0.12534,0.11996,0.11549093819184848,0.11122
12-01-2026 10:50,25579.85,0.1222,0.11899,0.11375,0.11178722397292755,0.1097832585353989,0.10858,0.10623,0.1048,0.10456,0.10457,0.10583256028280776,0.10778,0.11086,0.11483,0.18856,0.18305937782444875,0.17769,0.17077,0.16419,0.15771,0.1512,0.14545,0.13918,0.13364,0.12852,0.1234075498667138,0.1187,0.11488
12-01-2026 10:55,25554.9,0.12813,0.12435,0.12022,0.11708136990023964,0.11395,0.1115,0.109,0.10761,0.10696,0.10694,0.10821891884956346,0.1101,0.11303228022787419,0.11692,0.18701,0.18147,0.17529716952526328,0.16896,0.16253,0.15614225416121943,0.14973396188777016,0.14384,0.13698,0.13174,0.1269,0.12175760745473573,0.11732,0.11256694183713511
12-01-2026 11:00,25550.75,0.12951961951404758,0.1261,0.12233955556132309,0.11932,0.11588460759557405,0.11307,0.11061,0.10912,0.10832605116392983,0.10824,0.10971,0.11139177983651091,0.11413,0.11807,0.18708051955210828,0.1807,0.1745865858829143,0.16802,0.16163,0.15508,0.14859,0.14249215264324178,0.13622,0.13101,0.12585741183206944,0.12092749108587017,0.11656501809624714,0.11248
12-01-2026 11:05,25538.1,0.1320662069769863,0.12782,0.1236,0.11989469714120676,0.11642475778868745,0.1137923052777047,0.11172,0.10985,0.10916,0.10888,0.1104,0.11198,0.11491,0.11861,0.18486,0.17966,0.1739,0.1672339254536669,0.16062,0.15433,0.14776,0.14223,0.13525,0.1299202434203487,0.12502,0.11987,0.11562,0.11145
12-01-2026 11:10,25544.8,0.12778711787045194,0.12331,0.11886,0.11651,0.11347,0.11101,0.10878138419869207,0.10721,0.10671762139204265,0.10691,0.10852,0.11041,0.1133,0.11741,0.18527,0.18024,0.17423,0.16813,0.16113,0.15506,0.14855500746416306,0.14264527467934282,0.13663,0.13121,0.1263,0.1209,0.11679,0.11303
12-01-2026 11:15,25528.8,0.12595,0.1217,0.11857116378847393,0.11598,0.11333,0.11107991830138511,0.10930404927170359,0.10818,0.10776,0.10781,0.10975,0.11188,0.11487,0.11907,0.18365,0.17819,0.17235,0.16591,0.15971,0.15341,0.14744,0.14174,0.1353,0.1302,0.12548,0.12065,0.11628,0.11298
12-01-2026 11:20,25512.25,0.13111,0.12465,0.11983,0.11831,0.11531,0.11282,0.11091,0.10965,0.10944,0.10972,0.11151,0.1133,0.11647230972163453,0.12045,0.18148,0.17667,0.17081,0.16375,0.15824,0.1518,0.14588,0.14013,0.13384,0.12869,0.12368600644108253,0.11902,0.11468,0.11114
12-01-2026 11:25,25509.25,0.12887,0.1246,0.12049821379640162,0.11729,0.11454,0.1123,0.11069,0.10934,0.10911,0.10999,0.11181,0.11361,0.11695,0.12117,0.18158201499472956,0.17614,0.1707,0.16363,0.15772589402138926,0.1514699253998764,0.14553,0.13962,0.13348,0.12828726998698978,0.12353,0.11867,0.11474,0.11088
12-01-2026 11:30,25496.15,0.12283,0.11979,0.11693,0.11543,0.11285,0.11124,0.11003,0.10937,0.10944,0.11028,0.11224,0.11446,0.11778,0.12226,0.18198,0.17629675897154806,0.17068209143606888,0.16462,0.15892,0.15261,0.14665,0.14131,0.13519,0.13044,0.12596,0.12101,0.11711,0.1142
12-01-2026 11:35,25487.1,0.12896,0.12435692518696521,0.11988,0.11806,0.11521608398861488,0.11321,0.11139001466875166,0.11034,0.1103,0.11119,0.1131,0.11494,0.11853,0.12292,0.18093,0.17561,0.17024,0.16314,0.1572265704066527,0.15104,0.1449113568852913,0.1394,0.13317,0.12813530356564215,0.12347,0.1189545891149696,0.11508,0.11171
12-01-2026 11:40,25485.45,0.12398284893035579,0.12205379812777278,0.12019,0.11832,0.11599,0.11366,0.11195,0.11111,0.11123,0.11201,0.1137,0.11586,0.11937,0.12385,0.18081,0.17563,0.17025,0.16382,0.15778,0.15180937721305496,0.14574493578350511,0.14013,0.13359,0.12863,0.12393,0.11956,0.11568216379251393,0.11221
12-01-2026 11:45,25476.55,0.13517,0.12957,0.12533,0.12351,0.11952,0.11682,0.11481,0.11361,0.11317,0.11357,0.11488,0.11688,0.11992,0.12409,0.18025,0.17461,0.16924,0.16224,0.15605,0.14943,0.14365,0.13787,0.13125,0.12603,0.12139,0.11699,0.1129,0.10915
12-01-2026 11:50,25491.7,0.1293,0.12492,0.12093,0.11849,0.11553533534490851,0.11342,0.11163572126142003,0.11062363309697505,0.11052,0.111,0.11288,0.11482,0.11826,0.1227,0.18185,0.17591,0.17019,0.16313,0.15692,0.15086,0.14495,0.13939,0.13296,0.1279792411476821,0.12333,0.11901,0.11499,0.11149
12-01-2026 11:55,25495.85,0.13106,0.12537,0.12187,0.11957,0.11614,0.1140517166744722,0.11205,0.11089,0.11059609935755339,0.11102,0.11273,0.11467,0.11789,0.12111528331817312,0.18173,0.17556,0.16986845452340338,0.16363,0.15731,0.15068,0.14477,0.13922,0.13293,0.12779,0.12291,0.11850557581595353,0.11471,0.11064688160318965
12-01-2026 12:00,25499.2,0.12806,0.12433,0.11977,0.11788,0.11466,0.11248,0.11083,0.10978748443358198,0.10963,0.11033,0.11191,0.11395,0.11737,0.1217,0.18155,0.17572,0.1701,0.16318374490435414,0.15677,0.15024,0.14459,0.13903,0.13296,0.12752,0.12279,0.11854835502800994,0.115,0.11114065323335398
12-01-2026 12:05,25507.65,0.13197,0.12643,0.12244,0.11901634531912506,0.11613,0.11407,0.11183775098159567,0.11057,0.11021391252182343,0.11061,0.11212,0.11396,0.11724,0.12139,0.18194,0.1763,0.16995836974937734,0.16326,0.15656,0.14995,0.14383,0.1381,0.13178,0.12652,0.12189,0.11740686268580418,0.11337,0.10923
12-01-2026 12:10,25526.3,0.14473,0.1426,0.13664,0.13244,0.12752,0.12306,0.11979196340178089,0.11725,0.11547,0.11434,0.11538,0.11631,0.11832,0.12241,0.18248996874589996,0.17639,0.17031,0.1638,0.1563539029426507,0.1492,0.14285,0.13669,0.13021,0.12429291280172787,0.11872312513402941,0.1134,0.1087499445444013,0.10445
12-01-2026 12:15,25577.45,0.14302,0.13618,0.13037,0.12711,0.12239,0.11946,0.11592,0.11406659401284498,0.1127,0.11224,0.11245478655623631,0.11361,0.11532,0.11883,0.18443,0.17862,0.17238,0.16537,0.15893,0.15208,0.14584,0.13976,0.13325,0.12715,0.12234,0.11758,0.11315,0.10874352862934265
12-01-2026 12:20,25614.85,0.15144,0.14442129577827947,0.1381,0.132916091573414,0.12816,0.12403,0.12111,0.11765,0.11628,0.11484,0.11474,0.11538,0.11700782402827849,0.11973,0.186,0.17815,0.17464,0.16816,0.16208,0.15542,0.1490923392115667,0.14266,0.136,0.1301870084621824,0.12488,0.11939,0.11495,0.11053356854960844
12-01-2026 12:25,25653.4,0.12651000109107008,0.12728,0.12805,0.12478,0.12093,0.11774,0.11503,0.11288,0.11166,0.11104,0.11111,0.11181253435302865,0.11325,0.11604,0.18872,0.18389,0.17771,0.17116,0.16556,0.15827,0.15227,0.14636,0.14013,0.1342,0.12935156560630642,0.12448,0.12027,0.11551
12-01-2026 12:30,25668.1,0.154,0.14368,0.13897,0.13335431665695524,0.12916,0.12484765493616226,0.1213,0.11878,0.11738,0.11624,0.11566,0.1161,0.11709,0.11810774276612802,0.18683294734890218,0.18248,0.17816,0.17214,0.16583,0.15888,0.1533,0.14792,0.1408,0.13493,0.1295999170881033,0.1245503131742324,0.12038,0.11487
12-01-2026 12:35,25690.5,0.13488,0.12381,0.12445,0.12024,0.11698,0.11468,0.11213,0.11118,0.11008925263411676,0.10965,0.11016,0.11090555102980443,0.11232,0.11471,0.19113,0.18537,0.18081,0.17518,0.16841,0.1622885938607905,0.15617,0.15057,0.14444356765600275,0.13864,0.13428,0.12894147962382874,0.12421,0.11917005022547521
12-01-2026 12:40,25684.35,0.15507,0.148548934459559,0.14347,0.13804782596740164,0.13275,0.12895,0.12453,0.12115,0.11930910659752307,0.11829,0.11743027897710642,0.11716,0.11832,0.11999,0.18826,0.1849,0.17793,0.17149,0.1654,0.15887904690680826,0.15197523407529834,0.14592812442339664,0.13995,0.13419,0.12962,0.12398,0.11907530208106533,0.114
12-01-2026 12:45,25727.5,0.13318,0.12793650349683122,0.12466,0.11945,0.11652,0.11345085144326367,0.11121567218165603,0.10981,0.10918771923262131,0.10914,0.10917972993286998,0.10977,0.1113216090902497,0.11342,0.1931,0.18998,0.18359,0.17732,0.1711,0.16463253452722834,0.15835,0.15188311175670316,0.14586,0.1398,0.134995708633637,0.13039,0.12550579250063465,0.12103
12-01-2026 12:50,25724.55,0.14204,0.13678167852211032,0.13291,0.1285,0.12508,0.12156,0.11880686432713133,0.11654,0.11567,0.11427,0.11384,0.11403,0.11481,0.11638,0.19309,0.18835,0.18208,0.17651,0.16953,0.16277,0.15723,0.15068549101749099,0.14472,0.13859,0.13453,0.12962,0.1253,0.12029
12-01-2026 12:55,25715.5,0.14309,0.13735,0.1300486794113486,0.12356,0.12039,0.11681,0.11462,0.1126539979276574,0.11168,0.11139,0.1111146303476192,0.11148,0.11248,0.11441,0.19219,0.18729,0.18184,0.17548,0.16905,0.16237,0.15666,0.15078018175682012,0.14495361641557195,0.13924217646252965,0.1341,0.12879,0.12405895104537978,0.11933
12-01-2026 13:00,25692.65,0.13268,0.13424,0.13095,0.1279568521663143,0.12484,0.12196,0.11816,0.11592,0.11418216238229606,0.11315904645993428,0.11292,0.11306597640446782,0.11399,0.11454799182003683,0.19101,0.18652,0.18014,0.17417,0.16764555903430067,0.16101,0.15571,0.1493723213355238,0.1433320488972242,0.13751,0.1327,0.1277,0.12285,0.11824
12-01-2026 13:05,25702.65,0.14577,0.14037619303169177,0.13579,0.13053684942634197,0.12591,0.12264,0.11964,0.11692,0.11573,0.11455,0.11356,0.11369,0.11471840099010658,0.11663,0.19162,0.1862981848430914,0.1805,0.17474,0.1683569296289651,0.16178,0.15598,0.14923902254587773,0.14297,0.13744,0.13288,0.1278586563257199,0.12314,0.11809
12-01-2026 13:10,25710.85,0.14323,0.13453,0.12998,0.128,0.12374,0.1201,0.117,0.11471,0.11291,0.11137,0.11141,0.1113,0.11268774883492942,0.11484,0.19088,0.18534,0.18005,0.17456,0.1683,0.16214,0.15586,0.15028,0.14341,0.1379292810122628,0.13302035782262017,0.12799,0.12361,0.11846
12-01-2026 13:15,25725.15,0.12758,0.12543,0.1204,0.11706675385202212,0.1132,0.11159,0.10942100654246163,0.10805,0.10708,0.1068172174380291,0.10713,0.10780275258302377,0.10912497658480368,0.111,0.18884560759487984,0.18479,0.18073,0.17517,0.16885,0.16266,0.15748,0.15135581414120294,0.1453,0.1398833388231844,0.13503107281426052,0.12999,0.12639,0.12277498077214287
12-01-2026 13:20,25697.4,0.1402530261890014,0.13529,0.13031,0.12622577224811296,0.1224,0.11874,0.11536,0.11443,0.11229,0.11137,0.11083201117305973,0.11101,0.11313,0.11525711483942612,0.18904,0.18412,0.17899,0.17303,0.16732925264174728,0.16140182774104053,0.15545,0.15004,0.1433,0.13781,0.13305,0.12716,0.122561602880763,0.11772
12-01-2026 13:25,25704.15,0.12732,0.12404,0.11901,0.11643766645025802,0.11413,0.11166,0.10955616434102383,0.10819,0.1073936619260085,0.10714,0.10751,0.10825,0.10897185279266407,0.10973672614901109,0.18916,0.18468,0.17939,0.17361,0.16806,0.16214827789663927,0.1565,0.15084135807334437,0.14486593270759418,0.13946,0.13469084514113944,0.12991,0.1254,0.12063
12-01-2026 13:30,25707.95,0.16035,0.15213087628592192,0.14463,0.13793363566096184,0.1320883331039041,0.1268507149628915,0.12301,0.11901,0.11727,0.11597,0.11518,0.1148,0.11578,0.11723,0.18884,0.18384372424400527,0.17838,0.17289,0.16635,0.16048,0.15445772821431433,0.1485,0.14168,0.13599,0.1308330014005048,0.12557288843799524,0.12086,0.11582873909848296
12-01-2026 13:35,25747.0,0.12697,0.13005,0.12265,0.12157716535306867,0.11715165557098425,0.11525,0.11212,0.11056286456394343,0.10947,0.10874,0.10825,0.10898,0.11004,0.11183,0.19147,0.18757,0.18138,0.17551,0.16951,0.16335,0.15791,0.15185,0.14597,0.14007426895791822,0.13462,0.12952922291420588,0.12485,0.12001
12-01-2026 13:40,25745.1,0.14287838605982126,0.1348,0.12583403325994805,0.11842,0.1158,0.11363,0.11035,0.10893,0.10798,0.10746810991259229,0.10738573876300053,0.10789,0.10922,0.1109,0.19178,0.18639827732832598,0.18073837287360697,0.17513178359076553,0.16951,0.16359,0.15776,0.1521,0.14563,0.13943,0.13437387021732983,0.1294307944279065,0.12541,0.12045
12-01-2026 13:45,25739.05,0.14182,0.13243,0.1274,0.12355,0.11938,0.11529,0.11248,0.11011,0.1089,0.10768,0.10761,0.10793,0.10927,0.11099,0.19271344172944252,0.1870205775224959,0.18113,0.17536,0.16902,0.16257,0.15702,0.15116,0.1443193277315299,0.13813,0.13379,0.1287,0.12433,0.11993174546036209
12-01-2026 13:50,25735.6,0.13737336233336345,0.13365658548637818,0.12938117828930465,0.12561,0.12169,0.11822,0.11384,0.1118,0.1105,0.10937,0.10895194598612754,0.10914,0.11039,0.11193,0.19298,0.18672,0.18206,0.17617,0.16968490392047098,0.16319,0.15763,0.15127,0.14468,0.13839,0.13388,0.12816,0.12364,0.11821
12-01-2026 13:55,25743.25,0.13752,0.12317,0.1274,0.12181,0.11763,0.11525,0.11133,0.10985,0.10855,0.10768878215650365,0.10716,0.1077,0.10900008675201385,0.11096,0.1949172827069601,0.18885,0.1828122863063873,0.1767759699144321,0.17081,0.16449,0.15855,0.15269,0.14559,0.13993830876562352,0.13473,0.12952170039433458,0.12508,0.11957
12-01-2026 14:00,25734.9,0.13141,0.12459,0.12285948269175986,0.12034,0.1167240414101174,0.11349760835019718,0.11059,0.10946,0.10815,0.10718,0.10723,0.10769279321549718,0.10894687944684268,0.11075,0.19338,0.18746,0.18222889741860568,0.1766,0.17053,0.16404,0.15778585397975003,0.15132993039077375,0.1452112500312669,0.13956,0.13488,0.12952,0.12442515146347648,0.11936
12-01-2026 14:05,25732.75,0.13756,0.13142,0.12339,0.12785,0.12267,0.11871,0.11484937731197004,0.11212,0.11052125118986686,0.10958,0.10892258464062224,0.10908,0.10885456114749345,0.10858160690660248,0.19324,0.18731,0.18188,0.17644,0.16982,0.16312,0.157125658671638,0.15116,0.14453230425222424,0.1384,0.13313036736485,0.12785,0.12289,0.11768
12-01-2026 14:10,25739.35,0.14063294301380128,0.13049,0.12053,0.11688635229159228,0.11324,0.11198,0.10906,0.10643,0.10608,0.10546,0.10522,0.10593,0.10744019558901506,0.10964,0.19315,0.18786,0.18327,0.17699959243508487,0.17067,0.16446,0.15848,0.15258,0.1460395393702238,0.13985,0.13491638009884938,0.12965,0.12533,0.11911
12-01-2026 14:15,25729.15,0.13958,0.13351,0.12656,0.1222,0.11842,0.11527,0.11216305508654761,0.10986,0.10878,0.10763,0.10776,0.1082,0.10965,0.11154,0.19299,0.1865,0.18163,0.17542933785774625,0.16942257381174164,0.16309,0.15715,0.15097,0.14479,0.13865,0.13344,0.1282951233638567,0.12363,0.11826
12-01-2026 14:20,25736.35,0.1505166104671988,0.14464,0.13888,0.13311,0.1279,0.12280655800597996,0.11872,0.11572,0.11399,0.11222,0.11152610597030922,0.11128,0.11182,0.11235623316920623,0.19212,0.1869,0.18105,0.17619,0.1699,0.16246,0.1559726859119018,0.14941004720903406,0.14318927985575278,0.13731,0.1324,0.12651,0.12133202320366133,0.11595
12-01-2026 14:25,25762.75,0.13676,0.13189,0.12698,0.12283,0.11747,0.11438,0.11065,0.10897,0.1075,0.1065,0.10599,0.10640614082870646,0.10746,0.1081891038685692,0.19377,0.1881989460436828,0.1825,0.17716,0.17105536371993454,0.16475,0.15889,0.15248097303242578,0.1462532596492575,0.14034,0.13525,0.12988,0.12539,0.1197
12-01-2026 14:30,25753.1,0.12350315164912938,0.11977,0.11613,0.11389,0.11126,0.10881942364462345,0.10683,0.10553,0.10493,0.10422,0.10454162430715508,0.10536,0.10669,0.10846,0.19326,0.18811505391180977,0.18279,0.17731,0.1710300101069274,0.16471,0.15875,0.15268,0.14634,0.14043,0.13567,0.13022,0.1255,0.12037
12-01-2026 14:35,25716.7,0.15174,0.14512,0.13909,0.13307,0.12727,0.12346,0.11932,0.11639393002874847,0.11408716283114079,0.11229732792705327,0.11126,0.11126,0.11128018230337598,0.11125521230312144,0.19086,0.18502,0.17934,0.17431,0.16802,0.16121,0.15532,0.14873118248703956,0.1426,0.13638,0.13169,0.12575,0.12104,0.11629553547645453
12-01-2026 14:40,25749.0,0.14146,0.13395232539916116,0.12715,0.12317,0.11895877470174508,0.11552,0.11292,0.11058,0.10931,0.10795,0.10775,0.10821,0.10898827907956228,0.11043,0.19276,0.18761,0.18249,0.176542585162739,0.1702,0.1638896805624173,0.15785,0.151614109969852,0.14553,0.13957,0.13458,0.12875,0.12421,0.11963485683193399
12-01-2026 14:45,25763.85,0.13183,0.12662364733362774,0.12209,0.11857954363724948,0.11506,0.11314,0.11013,0.10793,0.10644227101133905,0.10549531949520302,0.10537658542078364,0.10592,0.10718,0.1084289206205677,0.19416,0.18743,0.1829198655770026,0.17764,0.17176,0.16465,0.15882,0.15287,0.14652257837971092,0.14051,0.13534,0.12992,0.12477504652399815,0.11968
12-01-2026 14:50,25774.05,0.14353,0.13758,0.13082,0.12617,0.12184663431372562,0.11819,0.11434,0.11136,0.10930938679892101,0.10794,0.10689,0.1070246986325727,0.10774366978013904,0.10916,0.19388,0.18866,0.1831071718888043,0.17722,0.1706,0.16408,0.15815072428522733,0.15221,0.14529,0.13945,0.13384248533182044,0.12857,0.12345,0.11830553284057659
12-01-2026 14:55,25796.15,0.14247,0.13767,0.13126,0.1254,0.12008,0.11677,0.11369,0.11074,0.10988,0.10782,0.10705345942166754,0.10694,0.10774,0.10875,0.19471,0.189,0.18312,0.17722,0.17063,0.16445307436212714,0.15838,0.15204535876461062,0.14561,0.13981952326754005,0.13418,0.12905275634682,0.12416,0.11913511382480144
12-01-2026 15:00,25785.15,0.13593,0.13388,0.12688,0.1223,0.11803,0.11433,0.11181,0.10984,0.10814042260470537,0.10654906690496833,0.10578,0.10594,0.10639,0.10766,0.1950724533928607,0.18891064271394437,0.183,0.17702,0.17066,0.16441456001367116,0.1582,0.15202,0.14524,0.13944263793285072,0.13433774188288544,0.12898,0.12431,0.11883
12-01-2026 15:05,25789.75,0.1304,0.12499,0.12171,0.11729,0.11382,0.1119,0.1089,0.10743555045877168,0.10626,0.10491,0.10445865471157936,0.10472,0.10536,0.10686,0.1933773797261791,0.18854,0.18376,0.17824,0.17221013752138736,0.16537206876796584,0.15899,0.15311,0.14667,0.14017,0.13508,0.1297263727817032,0.12499,0.11971
12-01-2026 15:10,25785.05,0.13718828421192228,0.12841,0.11964,0.1167,0.11236029649560564,0.11045,0.10802,0.10613518240527464,0.10497,0.10326,0.1033223673750748,0.10365566220461829,0.10453403294239269,0.10601,0.19482,0.18819,0.18356394942621707,0.17836,0.17144,0.16481,0.15909,0.15265074136192727,0.14608825673032055,0.13992,0.13472,0.1292,0.12462,0.11945
12-01-2026 15:15,25782.95,0.14072623049728053,0.13489,0.1279610060182863,0.12263976972854711,0.11744,0.11417,0.11137,0.10853,0.10738,0.1052,0.10474,0.10481,0.10563,0.10705,0.19663,0.19084850815745769,0.1851236053346095,0.17933,0.17261,0.16587,0.16024,0.15346096741870643,0.14687,0.14062,0.13514,0.12960851779073193,0.12452,0.11877
12-01-2026 15:20,25786.05,0.13973035475402645,0.13420134555857216,0.12843,0.1228,0.11761,0.11465,0.1115,0.10893,0.10713,0.10521,0.10458735235797417,0.10457090999321944,0.10526,0.1067,0.19815,0.19091,0.18787,0.18094402773625246,0.17455691882020105,0.16785,0.1613737033717649,0.1549452517555223,0.14852,0.14213,0.13614,0.13,0.12439775176620671,0.11872
12-01-2026 15:25,25801.35,0.13043,0.12173,0.11783145624757561,0.11416120497613713,0.11127,0.10863951385868302,0.10605,0.10462,0.10349,0.10165,0.10145,0.10137,0.10221,0.10465,0.19547,0.19534,0.18691,0.18088,0.17403002462269215,0.16707,0.16224,0.15508,0.1485637026778024,0.14221,0.13697,0.13075,0.1252,0.11944
13-01-2026 09:15,25853.0,0.10138,0.10057,0.10156,0.10057123909792927,0.09976384436831129,0.09894,0.09818230337284707,0.09747505200255337,0.09738,0.09688333361485636,0.09726,0.09771,0.0992,0.10094,0.19934,0.19786,0.18992623206155806,0.1824,0.17542,0.16959,0.16328,0.15746,0.15049,0.1447335998584477,0.13946,0.13333,0.12841,0.12266
13-01-2026 09:20,25825.4,0.1301,0.12038,0.11652,0.11379,0.11063,0.10853,0.10573,0.105,0.10365,0.10229,0.10185,0.10238,0.10336,0.10516,0.20095927395595223,0.19459,0.18813,0.17948,0.17454,0.16867,0.16259,0.15590886404960042,0.14886490860586943,0.14263,0.13704435755601477,0.13143,0.12647,0.12052
13-01-2026 09:25,25818.35,0.07494,0.07663546550859912,0.07843,0.08316090706017286,0.08732,0.09071,0.09192,0.09345,0.09489,0.09538,0.09659,0.09772,0.09926,0.10186,0.1986683305277281,0.19492,0.19107,0.18192,0.17633865917733657,0.17018,0.16485041078187251,0.16014,0.15376610936951662,0.14795,0.1430938126204638,0.13807,0.13444,0.1289
13-01-2026 09:30,25766.85,0.09386,0.09545955763603704,0.09733,0.09813592130787738,0.0985,0.09905953598163444,0.09936,0.09957,0.09972129766861358,0.10013,0.10090295802986277,0.1022,0.10407,0.10676,0.19758,0.18681,0.1874,0.18077,0.17444,0.16772,0.1615,0.15498468994433875,0.14881,0.14315,0.13844,0.133,0.12898,0.12387
13-01-2026 09:35,25737.7,0.11826,0.11415429490556919,0.1101,0.11011,0.109,0.10827054137895811,0.10686292908956388,0.10605,0.10628,0.10556,0.10597,0.1067,0.10811,0.11024,0.19641,0.19402,0.18647822790604682,0.17834,0.17151,0.16504,0.15939,0.15322,0.14657,0.14058,0.13586,0.13051,0.12579917788953107,0.12088
13-01-2026 09:40,25732.1,0.11850051100323936,0.11635,0.11399833419917191,0.11226,0.11058555012726688,0.1094,0.10754,0.10682,0.10672,0.10605,0.10663,0.10736,0.10873,0.11101,0.19531,0.1897,0.1851,0.17854,0.17119,0.16484,0.15903,0.15272,0.14566,0.13996,0.1353,0.12993,0.12517,0.12017
13-01-2026 09:45,25766.4,0.10985,0.10211,0.0990840124102383,0.09765,0.09883,0.09904,0.09943532147298727,0.09923272820976853,0.09968,0.09971,0.10075,0.10208,0.10395,0.10665,0.1925575796846253,0.18954,0.18651,0.17875,0.17198,0.16605,0.15962,0.15311964210076096,0.14721,0.14102,0.13691,0.1316,0.12743,0.12286
13-01-2026 09:50,25750.85,0.11754,0.11262,0.11364,0.10823,0.10611,0.10542,0.10416,0.10457,0.10446,0.10352,0.10426,0.10514183275056255,0.10695,0.10944,0.19685,0.19113994010613522,0.1858,0.17799,0.17208,0.165,0.15952,0.1530507818452663,0.14678559836866104,0.14069,0.13566,0.13018,0.12484157045992737,0.11924979631241456
13-01-2026 09:55,25731.0,0.10362,0.10571,0.10317,0.10456,0.10442428235927388,0.10433,0.10374,0.10378,0.10438,0.10435,0.10535,0.10636,0.10817,0.11081,0.19596,0.19028,0.18489,0.17838283948086753,0.1716695884288907,0.16512012949725843,0.1585,0.15331,0.14657,0.14091121199143336,0.13604,0.13094,0.1269,0.12208
13-01-2026 10:00,25714.65,0.14097,0.13349,0.13009,0.12686,0.12114,0.11849,0.11568,0.11373,0.11286,0.11147,0.1113,0.11172514494477821,0.11276,0.11350288604461824,0.1931,0.18816,0.18229,0.17698,0.16925585741929955,0.16188,0.15581,0.14965,0.14249,0.13684,0.13118,0.12617,0.12153,0.11621
13-01-2026 10:05,25746.85,0.12843,0.12569,0.11961,0.1167,0.11418,0.11206,0.11025,0.10891,0.10827,0.10803,0.10751,0.10817,0.10953674698795968,0.11162,0.19569,0.18741,0.18187714412373227,0.1758,0.17055,0.16428,0.15821,0.15229,0.14503,0.13955,0.1341417127854238,0.12879,0.12451,0.11968
13-01-2026 10:10,25759.95,0.10494,0.10371,0.10288,0.10202,0.10091,0.10211,0.10122965293788187,0.10084,0.10126,0.10178,0.10247,0.1034,0.10505,0.10788,0.19744,0.1923,0.18608,0.17970038091244459,0.1728312718264935,0.16615,0.16016,0.1538545530943319,0.1475,0.14183555282978863,0.13695,0.1312,0.12764,0.12405082500804887
13-01-2026 10:15,25754.7,0.10612,0.10838,0.10433,0.10362,0.10244,0.10284,0.10215575919404231,0.10176,0.10236,0.10237,0.10308,0.10428,0.10568,0.10871,0.19659,0.19045,0.18549,0.18043,0.17189,0.16543,0.15933,0.1530007253025789,0.14641,0.14114,0.1359354495314748,0.13089558750043728,0.12656,0.12169546794151634
13-01-2026 10:20,25761.35,0.12196,0.11744243670967532,0.11421,0.10883,0.10757,0.10623654076692374,0.10509,0.1039,0.10396,0.10338,0.10386,0.10477,0.10632,0.10789155318484611,0.19667,0.19071624583665014,0.18512,0.17842277378758037,0.17169,0.16546,0.15956,0.15344,0.14623,0.14073,0.1351,0.12988,0.12551,0.12025
13-01-2026 10:25,25770.15,0.14012,0.13305,0.12665,0.12195,0.11838,0.11491707983359732,0.11211,0.10968,0.10903,0.10803,0.10721,0.10737,0.10855,0.11041,0.19716,0.19149148279879255,0.18548,0.17993,0.1723362826052612,0.16508,0.15866,0.15184850966469587,0.14506,0.13903906926399467,0.13348,0.12756,0.12274,0.11789141246103968
13-01-2026 10:30,25804.6,0.13282,0.11824332425189366,0.10534,0.10765,0.10653,0.10582,0.10306,0.10214021774968322,0.10150459377609618,0.10048816361108681,0.10103,0.10169,0.10334129362266808,0.10556,0.19911100979095653,0.19389,0.18871,0.18195,0.17508,0.16807,0.16187133823319472,0.15564,0.14909759767865344,0.1431465971341178,0.13714,0.13169242557375696,0.12664,0.12147
13-01-2026 10:35,25783.95,0.12325,0.1098,0.10718,0.10779,0.10526,0.10288,0.10219,0.10221,0.10206987117433107,0.10174927668230906,0.10214,0.10265,0.10405,0.10676,0.2024417406855804,0.1948704233310205,0.18761,0.18025,0.17383,0.16733302666767352,0.16149,0.1552,0.1485471662368249,0.14241,0.13709,0.13144,0.1264982602802193,0.12165
13-01-2026 10:40,25772.4,0.11286,0.10172,0.09986,0.10643,0.10474,0.10468,0.10303,0.10234,0.10255,0.10191,0.10239,0.10325146152365985,0.10494,0.10768,0.19788,0.19191825899564693,0.1860791595191973,0.18052,0.17303,0.16664,0.16021932249445206,0.15409179602541845,0.14816,0.14168,0.13633335155119963,0.13102,0.12613,0.12107
13-01-2026 10:45,25763.45,0.13250957896615495,0.11857,0.10489,0.11266,0.10978507315882724,0.1078,0.10651,0.10655,0.10529,0.10428,0.10453,0.10574,0.10617,0.10849,0.19601,0.19073812360390419,0.18463,0.17979,0.17084,0.16428,0.15841,0.15174,0.14493,0.13907,0.1341,0.1284870544557184,0.12323,0.1189
13-01-2026 10:50,25794.3,0.11933,0.11414,0.11134,0.10733128716299524,0.10300916020332898,0.10015381354940882,0.098,0.09807037810981077,0.09832,0.09864,0.09876,0.09983,0.10165,0.10429,0.197,0.19049,0.18559,0.17919,0.17247,0.1662,0.15938,0.15394,0.14715,0.14127,0.13627,0.13074148191778687,0.12600375546060277,0.12139
13-01-2026 10:55,25765.7,0.13721875881196002,0.1277,0.11839,0.11653,0.11209,0.11000740283076722,0.1084,0.10623,0.10569,0.10431,0.10434,0.10496,0.1062246909065489,0.10846,0.19378,0.18824,0.18328,0.17684,0.16974,0.16346154099121218,0.15715418702008957,0.15101,0.1442,0.13808,0.13279,0.12762,0.12277,0.11766
13-01-2026 11:00,25784.9,0.11114,0.11637,0.1004,0.10533,0.10417,0.1046480018445711,0.10197242789307318,0.10121,0.10136,0.10075,0.10117,0.10206,0.10333820343788647,0.10537,0.19581,0.18976648401301435,0.18426,0.17715,0.1708754753171931,0.16513,0.15832,0.15288,0.14577,0.13983,0.13496,0.12932,0.12441407935834843,0.11948
13-01-2026 11:05,25771.65,0.13216,0.11938,0.12029,0.11747,0.11378,0.11176,0.10919880070995414,0.10724,0.10636,0.10527,0.10501,0.10534,0.10616,0.10809,0.19504,0.18875,0.183,0.1768261503653342,0.16977,0.16355,0.15506,0.15072,0.14357,0.1381,0.13248103675595607,0.12739,0.12263,0.11787832018609186
13-01-2026 11:10,25787.85,0.11856,0.10777,0.11044,0.11006,0.10668,0.10586,0.10409,0.10300283139578464,0.10252,0.10135,0.1017,0.10224,0.10342374511098958,0.10541,0.19507,0.18942915398467638,0.18371,0.178,0.17081,0.1648,0.15819,0.15219,0.14495,0.13945,0.13406316288572873,0.12847252586000496,0.12311344048030817,0.11765976316495973
13-01-2026 11:15,25787.55,0.11499712558099882,0.11277680173348048,0.11131,0.10958,0.10777,0.10559,0.10327,0.10223,0.10211,0.10092,0.10121,0.10247,0.1027,0.10501,0.19481,0.18867,0.1835,0.17724,0.17046,0.16354,0.15748,0.15080703406107784,0.14437,0.13874,0.13399,0.12815,0.12386,0.1195764439335935
13-01-2026 11:20,25784.1,0.12704,0.11694,0.11314,0.10838,0.10646,0.10523,0.10245,0.10227,0.10176,0.10086141519014982,0.10077,0.10144,0.10261,0.10482,0.19456,0.18866,0.18282,0.1764,0.16948,0.16327,0.15648,0.15139,0.14396,0.13843,0.13358,0.12832000577550223,0.12338,0.11825
13-01-2026 11:25,25786.2,0.12557,0.12715,0.11235,0.11523,0.11185576540870304,0.10887,0.10572,0.10391,0.10276045571873671,0.10212,0.10182889838637887,0.10209,0.10340823467383206,0.1054,0.19449,0.18884,0.1826674132295108,0.17621,0.16914,0.1625,0.15639,0.15007492847791223,0.14336,0.13753,0.13254198456478386,0.12729,0.12252,0.11716
13-01-2026 11:30,25793.55,0.12837,0.12356,0.11864,0.11537321862889632,0.11179,0.11038,0.10759262964899474,0.10574947363425503,0.1041,0.1031,0.10283,0.10315,0.10381,0.10564,0.19482,0.18945,0.18277,0.17604,0.16887,0.16281,0.15675,0.15086,0.14333,0.13761,0.13242,0.12697,0.12213,0.11728973816058731
13-01-2026 11:35,25814.5,0.11175,0.11036544115743056,0.10854,0.10642,0.10504,0.10288,0.10123,0.09991,0.09933770042666197,0.09904,0.0994,0.09998375288966657,0.10101,0.1018380053347155,0.1976272822640629,0.19086141884339158,0.18425,0.17753237185825335,0.17099,0.1641,0.15813,0.15207,0.145,0.13937,0.13446,0.12926089682130742,0.12442,0.11932
13-01-2026 11:40,25811.5,0.09832,0.09840898346828651,0.09763217500562202,0.0976,0.09793,0.09766,0.09684,0.0965,0.09714,0.09663,0.09748,0.09813,0.09936,0.10197,0.19245392874564873,0.18823,0.18403,0.17714,0.17076,0.16403,0.15819,0.15142393052211436,0.14487,0.13994,0.13509,0.1301068182947958,0.12525,0.12026
13-01-2026 11:45,25782.05,0.12434,0.11605,0.11177370674306934,0.10915,0.10828,0.10657,0.10431718547256294,0.10265,0.10178,0.10097,0.10132506921551758,0.10208353089371708,0.10335305908973344,0.10543,0.19164803777233808,0.18644,0.18126,0.17477,0.16779,0.16189,0.15566,0.14976,0.14269,0.1372,0.13206,0.12708,0.12211805184938958,0.11725
13-01-2026 11:50,25785.0,0.0963,0.09354,0.09555,0.09782,0.09939,0.09804,0.09687,0.09688,0.09736,0.09746,0.09821375496175537,0.09926318711786929,0.10052,0.103,0.19372,0.18669,0.18092652797191286,0.17483,0.1686,0.1627572701699319,0.15652,0.15081,0.14368,0.13831,0.13315,0.12814,0.124,0.11986194196444656
13-01-2026 11:55,25762.65,0.13302,0.1138,0.10975006654726951,0.10605772519485401,0.10494,0.10345,0.10155,0.1008,0.10116,0.10053,0.10112,0.10179,0.10305,0.10553,0.19174,0.18471,0.17974,0.17282,0.1664,0.16095726860674833,0.15503,0.14909,0.142,0.13661,0.1313339288868822,0.12661,0.12183062188187956,0.11746
13-01-2026 12:00,25747.9,0.11514,0.11089,0.10672,0.10734,0.10493,0.10426,0.10283,0.10212908617332657,0.10193,0.10157,0.10203,0.10267,0.10395,0.10659,0.19166,0.18595,0.179,0.17203,0.16573,0.15969,0.15404,0.1475678039145531,0.14122,0.13581,0.13089,0.12575,0.12110846710356181,0.11652
13-01-2026 12:05,25735.35,0.11577,0.11227954083224057,0.10927,0.10984,0.1081,0.10654,0.10476651675913967,0.10347,0.10359,0.10292,0.10355,0.10403,0.10514,0.10793,0.19155549089672827,0.18497,0.17843,0.17102,0.1647,0.1588,0.15296,0.1467389593447253,0.14019,0.13473850954382058,0.12941,0.12453,0.11959758939545498,0.11497
13-01-2026 12:10,25733.45,0.11487087808936682,0.10744,0.10023,0.10018074147999659,0.09918784362903353,0.09977,0.09999,0.09968,0.10002,0.1002,0.10123,0.10217,0.10362,0.10667,0.19005,0.18343,0.17914,0.17089,0.16596,0.15959,0.15405,0.14792256882615887,0.1421,0.13608,0.13199,0.12692,0.12258627717860969,0.11837
13-01-2026 12:15,25722.55,0.11631,0.11555876170461186,0.11484,0.11267,0.11004,0.10822,0.10626203912292091,0.10475,0.10468,0.10391,0.10394,0.10484,0.10608,0.10736641209186491,0.18896,0.18259,0.17786,0.17174,0.16581888609964954,0.15908556100536606,0.1527,0.14666,0.14003,0.13392,0.12907,0.12386,0.11959,0.11474
13-01-2026 12:20,25724.7,0.10816,0.10535,0.10462,0.10356,0.10227,0.1018291300355353,0.1016,0.10069,0.10113,0.10095,0.10163,0.10244,0.10438,0.10734,0.18941,0.1823,0.17826,0.17125812942074026,0.16474,0.15918,0.15358,0.14819,0.14142,0.13598840833970022,0.13122,0.12589,0.12206,0.11822977544013702
13-01-2026 12:25,25714.0,0.11595,0.12216,0.11939,0.11684,0.11278,0.11043935257260971,0.10864,0.10709,0.10658,0.10555,0.10563,0.1062,0.10724,0.10997,0.18688309683451002,0.18147,0.17615,0.17069,0.16444534317867163,0.15775247476597798,0.15143,0.14496070634589922,0.1385,0.13274,0.12767,0.12243,0.11784,0.11295
13-01-2026 12:30,25723.0,0.11512,0.11016,0.10486,0.10314,0.10241,0.10152,0.10044,0.1004,0.10054249230243206,0.10069,0.1015,0.10234,0.10467833955801537,0.10756,0.18932,0.18283505556815183,0.1770140624809525,0.17067615033232658,0.16464,0.15876,0.1531065902099715,0.14783,0.14097,0.13558409657400197,0.13052,0.12561233032635338,0.12144,0.11704
13-01-2026 12:35,25717.45,0.11999,0.11351,0.11092,0.10715,0.10522,0.10404,0.10306,0.10283679602981462,0.10301,0.10241771296913675,0.10282,0.10392,0.10584970906316367,0.10843,0.18786,0.18227,0.17647,0.16908,0.16328409740608854,0.15791777086458533,0.15204,0.14686,0.1401589309881513,0.13433,0.12935340246768331,0.12435,0.12008,0.11580336386617147
13-01-2026 12:40,25710.25,0.11488,0.10683,0.10567,0.1048,0.10327,0.10239,0.10145,0.10102,0.10138,0.10109,0.1021,0.10339,0.10503,0.10670903206949041,0.18732,0.18124,0.17612,0.1695382620182656,0.16325,0.15747863033395493,0.1517,0.14634,0.14016984766505217,0.13468471400769155,0.12958,0.12462,0.12072,0.11681188681633231
13-01-2026 12:45,25702.9,0.09992,0.09895006234880278,0.09852,0.09849,0.09819,0.09857,0.09847,0.09857,0.09981,0.10014,0.10113313972105734,0.10301,0.10528,0.109,0.18883,0.18068,0.1776,0.17041,0.16469,0.15844,0.15306,0.148,0.14121,0.13628,0.13152,0.12642,0.12269,0.11824
13-01-2026 12:50,25667.1,0.10716,0.10802,0.10661568916499195,0.1057451334076721,0.10432,0.10344,0.10262,0.102,0.10292,0.10288,0.10416,0.10557,0.10796,0.11179,0.18652,0.1808735016064013,0.17586,0.16918234359818923,0.16278,0.1572,0.15163,0.14603,0.14001991622645227,0.13461,0.12979,0.12499,0.12093,0.11684
13-01-2026 12:55,25659.75,0.11791,0.11232648174319267,0.10762,0.10605099380535102,0.10512,0.10415,0.1032,0.10271,0.10309,0.10316,0.10450484134467938,0.10613,0.10751009392275014,0.10912261496281886,0.18717,0.18133,0.17439164668808932,0.16686,0.16311,0.15662593042606107,0.15135,0.14553461281722324,0.13966,0.13467825451973744,0.12995,0.12522,0.12057649546216204,0.115791832688414
13-01-2026 13:00,25645.05,0.10976,0.10878,0.1072,0.10506,0.10368,0.10279,0.10217,0.1016,0.10199,0.10237,0.10408,0.10585,0.10900524272653879,0.11306,0.18672,0.18015,0.17457555939727046,0.16881,0.16108,0.15626,0.15003,0.14537,0.13937537534996894,0.13372643955000313,0.12849,0.12396,0.12001,0.11595
13-01-2026 13:05,25639.05,0.12179226087824316,0.11676,0.11177,0.11205,0.10962,0.10789822438243464,0.10667,0.10521,0.10519,0.10545,0.10703,0.10849,0.11118,0.11389804069637029,0.18741,0.18135,0.17507111706544723,0.16832,0.16258,0.15642,0.1501,0.14493,0.13849180151592663,0.13266,0.12808,0.12301,0.11891,0.11472
13-01-2026 13:10,25669.25,0.10935,0.10859,0.10366,0.10559,0.1041670461602433,0.10302,0.1022,0.10165,0.10189034707483169,0.10236,0.10422,0.10579,0.10728149069615557,0.10895038110040511,0.18893,0.18333410527299585,0.17783,0.17107,0.16414,0.1583,0.15184917588407992,0.14619065282976818,0.14024,0.13486725296857954,0.13015,0.12503,0.12112388487052957,0.11724
13-01-2026 13:15,25650.75,0.12082,0.11121,0.11372,0.11219,0.10964,0.10786,0.10654409549690348,0.10575,0.10531,0.10570157872967566,0.1069679021935367,0.10864257211736361,0.11088,0.11512,0.1882197958989809,0.18215,0.17632129644316824,0.16986347221037967,0.16408,0.15777,0.15168,0.14627,0.1395,0.1343131211512095,0.12934,0.12428,0.12007073456984599,0.11605
13-01-2026 13:20,25659.9,0.1205,0.11675644452877416,0.11372776248039915,0.11136,0.10866,0.10703,0.10566,0.10465348220350998,0.10456,0.10459,0.10609,0.10748,0.10997,0.11250812804884715,0.18846,0.18292,0.17728,0.17132,0.16353,0.15780185630045906,0.15167297641841593,0.1462,0.13927,0.13374,0.12853580840963277,0.12385,0.11945945255072803,0.11548
13-01-2026 13:25,25660.75,0.12224,0.11729,0.11027,0.10601,0.10436823188204161,0.10322,0.10242,0.10167,0.10215,0.10236,0.10404,0.1057,0.1088042126669878,0.11278,0.18901,0.18301,0.17745840606532265,0.17141,0.16486918984012672,0.15836043228432758,0.15166,0.1463,0.13988439317260318,0.13425,0.12888,0.1242,0.12064,0.11627
13-01-2026 13:30,25661.85,0.11661,0.11306,0.11056,0.11005255653616912,0.10907,0.10743,0.10578,0.10449,0.10434,0.10429,0.10545,0.10696,0.10926,0.11328,0.18915231106265698,0.18271,0.17637898451807757,0.16980877258916965,0.16358,0.15744,0.15203,0.14567,0.13872,0.13321,0.12836,0.12335,0.11943,0.11493
13-01-2026 13:35,25679.45,0.11288,0.10962,0.10556,0.1049,0.10328,0.10193531098100328,0.10105,0.1006,0.1008,0.10102,0.10265,0.10423,0.10655,0.11074,0.19079,0.18416,0.17879,0.17237,0.1648,0.1589660212662672,0.1529,0.14733,0.14052,0.13489,0.1297721358316937,0.12491,0.12084,0.11675
13-01-2026 13:40,25665.55,0.11343,0.11269,0.1141,0.11204917139442075,0.1096,0.10804588917091322,0.10591,0.10482061722774094,0.10439,0.10431936414805712,0.10518,0.10639,0.10871,0.11278,0.1904215752428196,0.18305,0.17574,0.17036,0.16171,0.15582,0.14900121544737374,0.14360668318484257,0.13763,0.13215,0.12716,0.12221,0.11834,0.11372
13-01-2026 13:45,25671.3,0.11584,0.11081468780155442,0.10635,0.10582,0.10347,0.10247,0.10145752274165878,0.10104,0.10101231468867908,0.10129,0.10279,0.10425,0.10681,0.11089,0.18758,0.18354,0.17622829988499977,0.16958072950763645,0.16238,0.15706,0.15095,0.1455,0.13879,0.13343,0.12873,0.12374,0.12019,0.11662192825213674
13-01-2026 13:50,25672.15,0.11731,0.11294,0.10877,0.10733,0.10546,0.10394,0.10265,0.10185,0.101857855540291,0.10238,0.10338,0.10528,0.10765,0.11184,0.18693,0.18363,0.17494,0.16847,0.1619790699891715,0.15629,0.14980613160865788,0.1437834861674065,0.13779,0.1324,0.12742,0.12257,0.11886,0.11428
13-01-2026 13:55,25662.15,0.11435,0.11479,0.1103,0.10912470021154229,0.10766,0.10529,0.10379,0.10312,0.103041064926341,0.10345,0.10442,0.10618,0.10874,0.11265,0.18616,0.18284,0.17494,0.16855,0.16142938608198432,0.15569553932010713,0.14926,0.14458,0.13805,0.13272,0.12796,0.12314,0.1188813834988452,0.11462
13-01-2026 14:00,25659.5,0.10596,0.10446700337569191,0.10224,0.1033,0.10247,0.10157715844309241,0.1011,0.10064,0.10092,0.10146,0.1032,0.10512,0.10781,0.11198,0.18695,0.1808259288722113,0.1741564557191044,0.16801072845960532,0.16191,0.15622,0.15019,0.14468,0.13876448659655655,0.1334,0.12892,0.12422,0.12043,0.11642
13-01-2026 14:05,25647.55,0.11484,0.1111,0.1089,0.10697,0.1057,0.10422461395498371,0.1034,0.10231,0.10272,0.10298,0.10447,0.10635475173646941,0.10889,0.11113827222296917,0.18578,0.18036049523842498,0.17455,0.16736,0.16119967205625096,0.15533,0.14912,0.14323193762193015,0.13755,0.13214,0.12782,0.12261,0.1193,0.11494
13-01-2026 14:10,25642.55,0.10279083326108261,0.10297,0.1029728397816247,0.10333,0.10191,0.10139,0.1002,0.09978,0.10039,0.10097701740400108,0.10243,0.10455,0.10748,0.11189,0.1854,0.1796,0.17396,0.16696,0.16049,0.15492143516219592,0.14894,0.14389,0.13718,0.13194612307279344,0.12731,0.12244,0.11873,0.11476
13-01-2026 14:15,25631.25,0.11749,0.11278,0.10971,0.10795,0.10585,0.10392,0.10293,0.10226,0.10228,0.10231,0.10363713786201331,0.10586,0.10873,0.113,0.18289612814560657,0.17761,0.17227,0.16603,0.15857,0.1525,0.14705,0.14187,0.13524,0.12995,0.12533479212858853,0.12054,0.11695,0.1122
13-01-2026 14:20,25627.6,0.11068198165517695,0.10613,0.10161,0.10124,0.10023,0.09971,0.09925282640985476,0.09911,0.09991,0.10055,0.10272,0.10495,0.10815,0.11248,0.18352,0.17733,0.17170019445885668,0.16591,0.15892,0.15306,0.14785149302716213,0.14283,0.13634,0.13116,0.12637853658767156,0.12186799872032467,0.11835,0.11427
13-01-2026 14:25,25619.65,0.10956,0.11014,0.1057,0.10475,0.10324798273297515,0.10202,0.10187,0.10119,0.10159479334654356,0.1022,0.10377054856448323,0.10613,0.10918,0.11368,0.18315,0.17736,0.1709109198990747,0.16467073045951455,0.15845813246517684,0.15237,0.14715,0.14128480970029367,0.13540517629383866,0.13005,0.12556,0.12083,0.11741,0.11306
13-01-2026 14:30,25622.55,0.12078,0.12092,0.11681,0.11413,0.11120783996719352,0.10886,0.10725,0.10601,0.10568,0.10572,0.10693,0.10864,0.11153,0.11541,0.18116,0.17762,0.17082,0.16392,0.15739,0.15062,0.14568,0.13973775448797943,0.13365655046894004,0.12828,0.1237,0.11891402621437423,0.11478,0.11029660246300023
13-01-2026 14:35,25644.0,0.12605,0.12063,0.11635241781496125,0.11338,0.11022,0.10835,0.10637,0.10478,0.10446,0.10439,0.10572,0.10742663216786989,0.10998,0.11213667518782552,0.1818370604392566,0.17643,0.17097,0.165,0.15808256819976735,0.15176,0.14553,0.14018,0.13362,0.12835,0.12352,0.11842,0.11481,0.11116428914500978
13-01-2026 14:40,25667.6,0.12795,0.12216845308655583,0.11577,0.11455,0.11114361684272131,0.10854,0.10657523100701985,0.1051,0.10422,0.1038,0.10482,0.10636,0.1087,0.11237,0.18178,0.17905,0.17186,0.16506,0.15835,0.15321,0.14765,0.14185389620719926,0.1352514312191387,0.12977,0.12453165915774535,0.11926,0.1152,0.1102
13-01-2026 14:45,25695.95,0.1173,0.1098,0.10739,0.10562,0.10358,0.10225,0.1008,0.10039,0.10015357736764095,0.10013356927150376,0.10123,0.103,0.10582,0.10866698801788946,0.18457,0.18134,0.17374,0.16742,0.16129,0.15552,0.1492,0.14389,0.13759,0.13227,0.12738,0.12243,0.1183,0.11412939386776116
13-01-2026 14:50,25698.45,0.12994,0.121,0.11481,0.11213,0.10844,0.10629,0.1044,0.10284,0.10209,0.10146,0.10196,0.10374,0.10593,0.10922,0.18423,0.18012,0.17396,0.16765,0.16024,0.15479,0.14809512245797946,0.1420553775395524,0.13573,0.13023,0.12503,0.11963,0.11547,0.10993
13-01-2026 14:55,25717.05,0.10227,0.10131,0.10561,0.103,0.10178,0.10015742273430005,0.09903,0.09811735195955626,0.09788,0.09778,0.09901,0.10052,0.10321246326909515,0.10675,0.18938047078488124,0.1830795182375257,0.17615,0.1695843140139673,0.16292,0.15689,0.15049274452172912,0.1442991346027032,0.13826,0.13281,0.12775903936310862,0.12271995907404303,0.11832,0.11346770060901316
13-01-2026 15:00,25754.0,0.06496,0.08771,0.08152,0.08567,0.08764,0.08837906163641185,0.0891,0.08982,0.09066,0.09105,0.09293433769189834,0.09549,0.09849,0.10247,0.18914,0.1846440098688031,0.17916,0.17245,0.16566,0.15874,0.15333,0.14727075326364572,0.14125242023633372,0.13566,0.13092,0.12594,0.12166,0.11733617177758184
13-01-2026 15:05,25708.75,0.12503,0.11954,0.11498515057191075,0.11152,0.10881,0.10589765582028493,0.10360125660612511,0.10203,0.10109477651705155,0.1006993533670041,0.10117,0.10258,0.1048,0.10703174113350254,0.18537,0.18125,0.17452479198492232,0.16795,0.16079,0.15474,0.14881,0.1424097341250261,0.13604,0.13057,0.12534,0.1201348686271752,0.1153,0.1098
13-01-2026 15:10,25746.05,0.09601,0.09567400452641739,0.09434,0.09443,0.09418639629588227,0.09393,0.09376,0.09323,0.09365,0.09362,0.09478687511188978,0.09684,0.09966,0.1035,0.18712,0.18273,0.17661104303277045,0.17082,0.16420777824018612,0.15776,0.1515832210862336,0.14567,0.13924,0.13403,0.12887,0.12383522713791369,0.11912,0.11362
13-01-2026 15:15,25745.9,0.09885,0.09442,0.09401,0.0927,0.09307,0.09249493811655626,0.09227,0.09186,0.09200701820141333,0.09258,0.09434,0.0964077917114774,0.09921,0.10164744921117848,0.1848008292495991,0.18117,0.17744,0.17144,0.16483270114033774,0.15878,0.15193,0.1466,0.14058227688474365,0.13514488352284582,0.12982,0.12433,0.11988,0.11427
13-01-2026 15:20,25730.9,0.10596,0.1039260767168136,0.1016,0.09989,0.09854249416554364,0.09735,0.09655,0.09557,0.0959,0.09549,0.09646742925965128,0.09835,0.10097,0.1047,0.18772,0.18285219108586148,0.17737,0.17104,0.16471,0.158174493949088,0.15139,0.14642,0.13928,0.13342,0.12822786907676842,0.1228,0.11826,0.11245
13-01-2026 15:25,25730.8,0.10125,0.09819,0.09998,0.09608,0.09512,0.09402,0.09398,0.09364,0.09314945160995869,0.09339,0.09456,0.097,0.09919,0.10305,0.19098,0.18082,0.1789,0.17223,0.16751,0.15719,0.15183,0.14550824326361697,0.14019,0.13508940581524465,0.12995,0.12440131731163394,0.11937,0.11379
14-01-2026 09:15,25671.9,0.14959,0.1288985087454115,0.11174,0.10873,0.10765,0.10444,0.10288,0.10173,0.10139,0.10140919901322927,0.10239,0.10433,0.10685,0.10937980853667077,0.19276,0.18752,0.18191,0.17457,0.16868,0.1619409247201549,0.15563960495473586,0.14939,0.1427,0.13707,0.13117,0.12558,0.12053,0.11497
14-01-2026 09:20,25705.8,0.12363,0.12422,0.11267,0.10689,0.10436,0.10267,0.10126,0.10015,0.09998,0.09974,0.10063,0.10243,0.10524,0.10877,0.19452,0.18877,0.1834,0.17667258694237412,0.17003,0.16326,0.15622,0.15001,0.14306,0.13778,0.13156,0.12589,0.12102,0.11552
14-01-2026 09:25,25717.85,0.13317,0.12683038982891198,0.12118,0.11356,0.11106,0.10716,0.10495,0.10343,0.10229,0.10186,0.10202,0.1036,0.10598,0.10836438692870835,0.19526,0.18932,0.18309523345236248,0.17644,0.1698787538725628,0.16311,0.1565,0.14991,0.14267,0.13667801566287238,0.13089,0.1248,0.11955,0.11384
14-01-2026 09:30,25746.8,0.11272,0.10267,0.10078,0.10024,0.09959,0.09806,0.09683,0.09616,0.09616,0.09601,0.09726709260845993,0.09916,0.1019,0.10464302586685875,0.19750960680283156,0.19149,0.1855920861606564,0.17952,0.1719,0.1657,0.15915,0.15275,0.14622328388491057,0.13984216979182582,0.13387,0.1279,0.12301,0.11723
14-01-2026 09:35,25737.05,0.1012,0.11807,0.10043,0.10017834666329559,0.10049,0.09946,0.09825,0.09723,0.0971,0.0968,0.09815,0.09997,0.10254079627692042,0.10598,0.19606,0.19023,0.18462060907798927,0.17832,0.17179,0.16502,0.15814,0.15237,0.14522,0.1392,0.13298,0.12733,0.12206,0.11653
14-01-2026 09:40,25712.25,0.12103,0.10667,0.10128,0.09765421103105977,0.09942,0.09791,0.09710997995111074,0.09656,0.09661,0.09664,0.09797,0.09991,0.10275,0.10669,0.19414964980924312,0.18821,0.18249273902213772,0.17641,0.16975737401766708,0.16299,0.15661,0.15045,0.14342,0.1375555745505981,0.13160115634015135,0.126,0.12061799246011529,0.11525
14-01-2026 09:45,25691.85,0.10661,0.10863,0.10508220476854709,0.10313,0.10168,0.10053,0.09893,0.09828,0.09847,0.09854,0.09988,0.10168,0.10453,0.10839,0.19245,0.18703,0.18192,0.17525,0.16891,0.16263814572231577,0.15568568684270856,0.14897470505205074,0.14209794077822646,0.13627,0.13052,0.12473,0.11991,0.11441
14-01-2026 09:50,25701.2,0.14215379343904463,0.13688492795062218,0.1298,0.12353,0.119,0.1145,0.11092,0.10787,0.10619,0.10517,0.10541,0.10623,0.10833932614846829,0.1114,0.19386950455295685,0.18727374854357212,0.18082,0.17434,0.16731,0.16093,0.15422,0.14807,0.14101361007775837,0.13451,0.12822,0.1222,0.11692,0.11055
14-01-2026 09:55,25759.55,0.09956,0.08438,0.08875,0.09669,0.09529,0.09431,0.09485,0.094,0.0937246373181276,0.09393,0.09574,0.0974,0.1,0.10384,0.19687,0.19168,0.1855,0.17883643563393387,0.17221,0.16596,0.15952,0.15273,0.14534,0.13975,0.13392,0.1281,0.12319,0.11744
14-01-2026 10:00,25727.85,0.12568,0.11977,0.10681,0.10325529061850276,0.10037,0.09973,0.09769,0.09675,0.09648,0.09664303789119834,0.09783,0.09918,0.10196,0.10474775230916714,0.19351,0.1891,0.18227513667450682,0.17525,0.16857,0.16202,0.15554742719221099,0.14942,0.14235,0.13666,0.13071,0.12522,0.12026,0.11527097395357924
14-01-2026 10:05,25713.6,0.11955,0.11417923047861869,0.10855447600249973,0.10489,0.1025,0.09999,0.09863,0.09749,0.09764,0.0975,0.09889033268093517,0.10065113768252644,0.10323422277229384,0.10655,0.19239,0.18795,0.1817,0.17426,0.16809,0.16112,0.1554,0.14851,0.1420331628042034,0.13578,0.12993245310001408,0.12439,0.11895843636965978,0.1136
14-01-2026 10:10,25697.45,0.12007,0.11399,0.10964525914371832,0.10673,0.10366528027342656,0.10127,0.09953,0.09863,0.0985,0.09833,0.09982,0.10177,0.10437280224339883,0.10784,0.19167,0.18665,0.18042265108044,0.17391,0.1675283551485812,0.16068,0.15396,0.1474810829833357,0.14088195623998873,0.1349,0.12901,0.12333,0.11843,0.11254
14-01-2026 10:15,25696.35,0.09690957910022455,0.0986,0.10025,0.09845,0.09783275153293895,0.09617,0.09559,0.09533139831549974,0.09583,0.0962,0.09798,0.10004,0.10297,0.10684,0.1927,0.1873,0.18138,0.17453639905477425,0.16823,0.16044,0.15501,0.14858,0.14157,0.13597,0.13009,0.12453,0.11954016977864824,0.11447
14-01-2026 10:20,25678.3,0.10372,0.10513,0.10303,0.10250435294727088,0.10118834159463803,0.09810291007345295,0.0971015382614811,0.09691,0.09739,0.09767,0.09961,0.10116,0.1043,0.10822,0.19099,0.18559,0.17988,0.17309,0.1665694154333981,0.15996,0.15296,0.14653,0.13984,0.13397539063230898,0.12823,0.12243,0.11755332250778747,0.11263
14-01-2026 10:25,25683.35,0.11226,0.1016,0.10787,0.10482,0.10177,0.10035,0.09895,0.09843,0.0983,0.09865604424112752,0.1000895143996876,0.10186,0.10478830675056612,0.10844,0.1916648136330162,0.18579,0.1799,0.17316,0.16608,0.15990038330135486,0.15358,0.14678,0.13968,0.13383,0.12811,0.12257,0.11750959819159908,0.11239
14-01-2026 10:30,25678.05,0.12368459192459427,0.11626,0.10899,0.10656,0.10338,0.10162,0.09964,0.0987,0.09904,0.09899,0.10027,0.10246,0.10523,0.10800501878678043,0.19074,0.18515424146389248,0.17929921865748252,0.17312,0.16651,0.15966,0.15311,0.14679,0.1393,0.13336407983322432,0.12750503598806062,0.12215,0.1173,0.11244977882014257
14-01-2026 10:35,25689.95,0.10832,0.09949,0.10136,0.10068,0.09998576242937894,0.09751928041142796,0.09648,0.09581,0.09623,0.09635,0.09811,0.10006139539688334,0.10299,0.10671,0.19281,0.18710240010312854,0.18115,0.17454,0.16705,0.16122,0.1543308100378049,0.14768,0.1408,0.13481,0.12932,0.12382,0.11923,0.11379
14-01-2026 10:40,25691.8,0.11136,0.10538626375981815,0.10051,0.10065,0.0985121681609208,0.09689,0.09613,0.0955,0.09586,0.09625,0.09803,0.10024698067163668,0.1033,0.10593267741515065,0.1871536658128864,0.18382,0.18047,0.173742888896741,0.16723,0.15981,0.15412,0.14775,0.14032,0.13492,0.12911,0.12368,0.11915,0.11372
14-01-2026 10:45,25665.9,0.12,0.12893,0.1212324244393575,0.11447,0.11121,0.10756,0.10468,0.10287,0.10243,0.10173,0.10276,0.10481,0.10705,0.11056,0.18956,0.18173,0.17706966072999747,0.17155,0.16428,0.15752,0.15107,0.14471,0.13789020907105543,0.13147,0.1254410278289703,0.11951,0.11485,0.10912
14-01-2026 10:50,25695.5,0.11480522833217224,0.11226,0.10930213689215686,0.10709,0.10433,0.10152,0.09995792420001867,0.09879,0.09854,0.0981,0.09968,0.1015,0.10402,0.10765,0.19225,0.18417,0.1801185875432043,0.17509,0.16724,0.16074836836234305,0.15422,0.14724,0.14014,0.13414,0.1284493923825297,0.12272,0.11782,0.11208
14-01-2026 10:55,25706.35,0.12525696117240517,0.12225,0.1192,0.11476,0.11089,0.10792,0.10453,0.10279,0.10175,0.10116,0.10062772932817596,0.09998448477021953,0.09936235158539511,0.09884131431194257,0.19233,0.18808,0.18066,0.17386,0.16693,0.16001,0.15406,0.14736,0.14033824677794798,0.13401,0.1278,0.12218,0.11670900488383194,0.11133
14-01-2026 11:00,25720.95,0.12452,0.11411,0.11064,0.11044,0.10585,0.10416,0.102,0.10027,0.09959,0.09911222586092325,0.09964,0.1011516159179144,0.1034,0.10674,0.19353,0.1893,0.1819,0.17513452531418305,0.1684,0.16132,0.15525,0.14887,0.14143,0.13526,0.12984,0.12359,0.11881,0.1133
14-01-2026 11:05,25733.0,0.10822,0.10574104467232179,0.10324,0.10313,0.10013,0.09901,0.09724,0.09648,0.09608103052609343,0.09611540606261221,0.0972,0.0990094233830962,0.10148,0.10476,0.19424,0.18756,0.18212979259158607,0.17638,0.16928,0.1629,0.15666,0.14987,0.14271,0.13656,0.1309107609535031,0.12527,0.1207,0.11524
14-01-2026 11:10,25729.2,0.11729350132162605,0.11287,0.1085,0.10339,0.10069,0.10064,0.09866,0.09713,0.09661,0.09677,0.09802,0.09974,0.10185,0.10552,0.19367,0.18728,0.1816670926665656,0.17587,0.1686,0.162045000000715,0.15559,0.14874732023860493,0.14213,0.13557,0.13036,0.1245,0.11983,0.11424
14-01-2026 11:15,25736.25,0.1227,0.11967,0.11314,0.10996499332150013,0.10627,0.104,0.10101348054249044,0.09912,0.09817848113671179,0.09792,0.09883,0.10029,0.10227,0.10531,0.19426,0.18787,0.18279,0.1760766772998285,0.16923,0.16277662926721523,0.15575379064787967,0.14869733515947176,0.14214779195939695,0.13617,0.13027,0.12416,0.11944,0.11401
14-01-2026 11:20,25743.15,0.11527,0.11030307785729236,0.10532,0.10387,0.10114614402958648,0.09925,0.09743758483679232,0.09618,0.09572,0.09558,0.0966,0.09831,0.10072,0.10436,0.1985573299818231,0.19117501753508745,0.18407,0.17689,0.17059,0.16352,0.15673,0.1506,0.1436840690007971,0.13718,0.13142640310352083,0.12569,0.12109,0.11646331997661791
14-01-2026 11:25,25735.0,0.14145,0.13595,0.12757376777027957,0.12083,0.11546,0.11145,0.10785,0.10508,0.10308,0.1017,0.10179346454565623,0.1029,0.10451,0.10766,0.19335,0.18804936182148527,0.18274,0.17581,0.16879,0.16249,0.15525,0.14864,0.14139,0.1350208922408442,0.12887,0.12301227502762523,0.11791,0.11163
14-01-2026 11:30,25773.9,0.10956,0.10759837789379219,0.10518,0.10342,0.10105,0.0986,0.09705870370357417,0.09597,0.09523665277529723,0.09497,0.09599,0.09744,0.09956,0.10308,0.19735,0.19179,0.18553,0.17783,0.17144436898538282,0.1651441577187187,0.15867388041538835,0.15251,0.14556,0.13901,0.13326,0.12717,0.12185970767570727,0.11643
14-01-2026 11:35,25764.1,0.11427,0.11474,0.10436,0.1039038116727509,0.1021,0.10010488683875568,0.09823,0.09693,0.09634,0.09616200970274524,0.09686,0.09809,0.10014,0.1038,0.19601,0.19020250394610452,0.18427,0.17768,0.17075,0.16422,0.15718991899540422,0.15045469321314753,0.14378,0.13754212404706267,0.13173,0.12584,0.12078,0.11569371316418305
14-01-2026 11:40,25766.75,0.11206,0.11197,0.10283,0.10140237596706642,0.09828525877588938,0.09738,0.09612,0.0951,0.09438,0.0944,0.09522,0.09699,0.09938,0.10179658871819201,0.19566,0.19017006958662125,0.18452,0.17749,0.1708,0.16376,0.15815,0.15119,0.14392,0.13791,0.13182,0.12638,0.12158,0.11576
14-01-2026 11:45,25761.25,0.11673,0.1271,0.12184,0.11623,0.11043,0.10852,0.10507,0.10246,0.10073,0.0992,0.09968,0.10056,0.10240755324315103,0.10536,0.19642,0.1900504630019828,0.18385,0.17684,0.16996,0.16326249232713264,0.15673,0.14996371951228105,0.14317,0.1364,0.13012,0.12415,0.11887,0.11271
14-01-2026 11:50,25775.3,0.11506,0.114,0.10875,0.10564,0.10242,0.10017080436719643,0.09810505183460616,0.09677,0.09612,0.09566148251992074,0.09608,0.09743,0.09925,0.1031,0.19669,0.19148,0.18503,0.17804,0.17138,0.16455,0.15768,0.15144,0.14437,0.13776,0.13182,0.12587,0.12084,0.11577642309021266
14-01-2026 11:55,25774.6,0.11393291253902914,0.11031,0.10639,0.10405,0.10140483895344951,0.09915,0.09762,0.09612,0.09519,0.09483,0.09565,0.09697,0.099,0.10248,0.19695,0.19145,0.18547,0.17822,0.17155527370906717,0.16469,0.15796218736865356,0.15125,0.14432,0.1376,0.13191580602508926,0.12598,0.12121,0.11488
14-01-2026 12:00,25786.0,0.11914,0.11363,0.10792,0.1031,0.10041,0.09901,0.09688,0.09496,0.09519,0.09431,0.09502,0.09632,0.09834,0.10177,0.2011839292722385,0.19369,0.1862,0.1792,0.17253,0.1657,0.15925383186043116,0.15274,0.14553,0.13882,0.13311,0.12733447576457885,0.12191341299588397,0.11605090968905313
14-01-2026 12:05,25782.1,0.09027,0.09366,0.0915,0.09297,0.09146,0.09081,0.09084,0.09005,0.09074,0.09041,0.09152,0.09303,0.09522,0.09743932989543552,0.19731,0.1934,0.1859,0.1789,0.17183,0.16591,0.15917128573765946,0.15254,0.1455568552342522,0.1388,0.13323,0.12721,0.12212,0.1165
14-01-2026 12:10,25757.05,0.10055,0.10634,0.09609,0.09666,0.09423,0.09342,0.09262,0.09202582078377083,0.09217,0.09183,0.093,0.09460122286137197,0.09712,0.10096,0.19533,0.18983,0.18385,0.17681,0.1701,0.16392,0.15707022739410692,0.15027,0.14361862797886688,0.13719,0.13163012143502664,0.12590109223342122,0.12074,0.11524269131118334
14-01-2026 12:15,25735.55,0.13328,0.12758,0.1184,0.11589,0.11096,0.1068,0.10404,0.1013,0.10004,0.09863,0.09886,0.09992,0.10181,0.10372898360363263,0.19479,0.1881,0.18209,0.17545,0.16843801943347927,0.16153,0.15534,0.14846,0.14112,0.13424,0.1283317373246307,0.12224,0.11707,0.11081
14-01-2026 12:20,25771.55,0.1023,0.10272973958477742,0.1001,0.101,0.09756,0.09538,0.09424,0.09268,0.09315,0.09221,0.09321,0.09496,0.0972195002715984,0.10063,0.1984805075705508,0.19170295586921005,0.18486,0.17808,0.17138,0.1647,0.15779,0.15149,0.14413,0.1375,0.13194,0.12591,0.12073,0.1149
14-01-2026 12:25,25768.3,0.1056,0.09486,0.09452866848782984,0.09464215987823385,0.09506,0.09382,0.09249,0.09157058833183802,0.09157,0.09139,0.09257,0.0943,0.09665,0.1007,0.19718,0.19055,0.18462,0.17826,0.17113,0.16479,0.15784,0.15066787867449705,0.14397,0.13743,0.13211,0.12609,0.12103,0.11485
14-01-2026 12:30,25761.1,0.11558,0.11165,0.10489,0.103,0.10078,0.09835,0.09651397458991778,0.095,0.09442,0.09373,0.09423,0.095952979299274,0.09829584240136113,0.10178,0.19663,0.19049512753168696,0.18428,0.17767,0.17053,0.1639517177692322,0.15721,0.15086,0.14382,0.13687,0.13141,0.12532439446344018,0.11991,0.11385
14-01-2026 12:35,25772.4,0.10931,0.10560787558453069,0.10127,0.10018669051241924,0.09876,0.09708,0.09512,0.09389447329263972,0.09361,0.09275,0.09373,0.09505,0.09732,0.10095,0.19727,0.19104937537746705,0.18476,0.17821,0.17132,0.16501,0.1584,0.15149,0.14413,0.13741,0.13187,0.12605,0.12072,0.11455
14-01-2026 12:40,25773.6,0.10821,0.10386,0.09096,0.09282,0.09216,0.09167,0.09025,0.09012,0.09045,0.09024,0.09158,0.09359,0.09584,0.09976,0.1968,0.19185,0.18489,0.17812,0.17105,0.16496,0.15756,0.15147,0.14452,0.13765,0.1325,0.12644,0.12137,0.11562
14-01-2026 12:45,25759.5,0.11368,0.11393,0.09807,0.09706,0.09186365735824972,0.09405071991656443,0.09285,0.09254,0.09219,0.09209,0.09296,0.09488,0.09709,0.10092,0.1954,0.18913,0.18278,0.17652,0.16967,0.16304,0.15649,0.15006,0.14284,0.13609,0.13091,0.1249,0.11999,0.11407
14-01-2026 12:50,25748.9,0.10486,0.10811,0.10082,0.09988,0.097,0.09505,0.09366,0.09266,0.09275,0.09235,0.09354,0.0953100209469128,0.09774,0.09986262002190394,0.19487,0.1883,0.18241,0.17587,0.16858,0.16249,0.15557,0.14939,0.14237,0.13565,0.12996,0.12426250243671731,0.11933,0.11358
14-01-2026 12:55,25745.55,0.11091,0.10232,0.10093,0.1015,0.09815,0.09708,0.09539,0.09436,0.09441,0.09361,0.09441,0.09609,0.09843,0.10213,0.19463,0.18837782114433127,0.18215,0.17539,0.16871,0.16230386012163267,0.15545,0.14925,0.14182,0.13512,0.12983,0.12381,0.11839568364256564,0.11285
14-01-2026 13:00,25748.1,0.09798,0.10045,0.09754826917147537,0.09678,0.09641,0.09440368974045005,0.09306361767453408,0.09184,0.09217,0.09207,0.09338022503846238,0.09512555710475414,0.09743,0.09923597009158727,0.19456,0.18828,0.18215,0.17563,0.16856,0.1621,0.15553,0.1495,0.14233,0.13615559836856714,0.13058,0.12426,0.1192,0.11346
14-01-2026 13:05,25745.45,0.11027,0.10808,0.10248,0.10342,0.10022,0.09776,0.09584168139218985,0.09438,0.09415,0.0935,0.09429955049885458,0.09589450157892015,0.09809,0.1023,0.19438,0.18967,0.18248120326138678,0.17543,0.16875,0.16242,0.15598320008452127,0.14955,0.1421,0.13525,0.12936875870978212,0.12346362042127428,0.11864,0.11245
14-01-2026 13:10,25759.75,0.10591,0.09944942659407277,0.09268,0.09214,0.09087,0.09034,0.08976699411460493,0.08924447688001544,0.08954,0.08952,0.09095,0.09299,0.09574183490623286,0.09952,0.19555,0.18954,0.18303197812305916,0.17643,0.16959,0.16298,0.15629,0.14989,0.14321219945662222,0.13672898883095275,0.13063,0.12470957667198974,0.11923,0.11368
14-01-2026 13:15,25750.25,0.11325212411658137,0.10412,0.09486,0.09505,0.09321538971284359,0.09183,0.09094,0.09045,0.09071,0.09110743000143832,0.09189781881261544,0.09384,0.09639,0.1006,0.19451,0.18906,0.18205162822939142,0.17521,0.168,0.16181,0.15514,0.14846,0.14174841061743831,0.1353,0.1295090033226162,0.1237,0.11871,0.11297
14-01-2026 13:20,25735.95,0.09043434183979047,0.09088,0.09116,0.08927,0.08931,0.08892,0.08832,0.08843850115181759,0.08918,0.08953,0.091,0.09341,0.09618,0.10013,0.19369,0.18739,0.18099,0.17447,0.168,0.16147,0.15480470438621333,0.14818,0.14151,0.13553476497316005,0.1298,0.12420863782620617,0.11922,0.1135
14-01-2026 13:25,25715.5,0.1062281636580294,0.10317,0.09996,0.09726,0.09544493835656417,0.09414,0.0929,0.09245,0.09268,0.09269,0.09386,0.09613,0.09830379544408621,0.10068145241686888,0.19148,0.18548,0.17932,0.17276644321513793,0.16606,0.16005,0.15318,0.14687,0.13997,0.13384060946033333,0.12802,0.12222727870140532,0.11702,0.11145
14-01-2026 13:30,25717.15,0.09874184683595552,0.09475,0.09061,0.09135,0.09055,0.08983715400747687,0.08954,0.08944,0.09027,0.09078,0.09261,0.09503,0.09794,0.10087622982402218,0.19223,0.18563,0.17948,0.17315,0.16650266632779,0.15980137909456021,0.15304,0.14662,0.14002,0.13347,0.12811,0.12246,0.11762,0.11212
14-01-2026 13:35,25708.2,0.05948,0.07823,0.08042,0.08431616849408695,0.08287,0.08415993354340714,0.08537,0.08643,0.08774,0.08909,0.09137,0.09426,0.09755,0.1022,0.19065,0.18439,0.17802480056726505,0.17173031710327902,0.16508,0.15979,0.15256,0.14732,0.13992,0.13409,0.12937,0.12376,0.11973,0.11566430740650818
14-01-2026 13:40,25665.9,0.10071,0.09837,0.09493,0.09387,0.09312,0.09264,0.09251,0.09227,0.09331,0.09393,0.09605,0.09887,0.10199,0.10513565658699363,0.18757,0.18096,0.17549,0.16884,0.16204,0.1559,0.14907,0.14353,0.13648,0.13084,0.12553,0.12008,0.11569,0.1107
14-01-2026 13:45,25656.25,0.10367,0.10529,0.10198295889714379,0.0999,0.0979,0.09681,0.09591,0.0953,0.09579,0.09621,0.0981271457989543,0.10066117752460213,0.10380069034435607,0.10792,0.18711,0.18019,0.17471,0.16811652439205968,0.16164202738239167,0.15523,0.14867474014655802,0.14238,0.13597771761250743,0.12997975797162017,0.12435965258742457,0.1186,0.11398,0.10875
14-01-2026 13:50,25665.25,0.08603,0.08404,0.08561538234611749,0.08744,0.08779766098457267,0.08812,0.08863,0.08953,0.09086,0.0925,0.095,0.0981248231779852,0.10184,0.10613,0.18786,0.18174,0.17618,0.16967,0.16278,0.15688,0.14995,0.14441,0.13772,0.13229,0.12693,0.12203,0.11809,0.11319
14-01-2026 13:55,25642.0,0.10297052453655295,0.10086,0.09857,0.09824,0.0967,0.09515,0.09469,0.09448,0.09544,0.09621,0.09821736296141566,0.10106,0.10456,0.10902,0.18607954356449813,0.18037,0.17471,0.16832,0.16115,0.15548,0.14814,0.14237,0.13570869979482758,0.12968,0.12442,0.11914902850323257,0.11485,0.10964
14-01-2026 14:00,25653.3,0.09106,0.09305,0.09194,0.09174,0.09191,0.0917,0.09176,0.09207,0.09317,0.09423,0.09663,0.0998,0.10317,0.10783,0.18947896662646665,0.18270132896239644,0.17613,0.16951,0.16215,0.15569,0.148974609704557,0.14313570893655017,0.13705,0.13132,0.12603,0.12032,0.11666,0.11162
14-01-2026 14:05,25642.2,0.10852728516462712,0.10608,0.10346,0.1008,0.09905,0.09751620650353938,0.09658,0.09616472756174234,0.09667,0.09731,0.09943,0.10212,0.10515,0.10957,0.18748,0.18169,0.1750447330188489,0.16858,0.16157,0.15543243873231075,0.14877,0.14293,0.13565,0.1298793730840154,0.12432518707605832,0.11904,0.11449,0.10944
14-01-2026 14:10,25650.55,0.11123,0.10818,0.10361,0.10363,0.10124,0.09898225834970452,0.09766,0.09692,0.09754,0.09775,0.09953,0.1022,0.10529,0.10937,0.18791,0.18165,0.17572,0.16891,0.16201310208113062,0.15548,0.14853,0.14219,0.13568,0.129,0.12339460134991172,0.11783,0.1132,0.108
14-01-2026 14:15,25666.25,0.09477,0.09333865242268671,0.09021,0.09398,0.09103,0.09079,0.09055,0.09093761057454908,0.09183007885006234,0.09333,0.09585,0.09888,0.10243,0.10598898276872493,0.1892,0.18297,0.17661,0.17028,0.16316,0.15707,0.15028,0.14447,0.13759765406399121,0.13139,0.1261,0.12108,0.11656,0.11181
14-01-2026 14:20,25637.25,0.09594,0.09529,0.09429,0.09333,0.0932,0.09245,0.09228,0.09263,0.09413,0.09507,0.09762,0.10069,0.10407,0.10859,0.18715,0.1816,0.17531,0.16882,0.16174,0.15595,0.14929237754119787,0.14326,0.13611,0.13071,0.12553,0.1204406750220649,0.11614,0.11141405103953332
14-01-2026 14:25,25618.75,0.11219,0.10809,0.10566,0.1036,0.10147220587257534,0.09998,0.09881,0.09824,0.09913,0.10012273180638853,0.102,0.10473,0.10795,0.11216,0.18621067362144023,0.18008,0.17398,0.16744,0.15996,0.15398,0.14712,0.14151,0.13442,0.12884,0.12349,0.11826,0.11355,0.10886
14-01-2026 14:30,25626.9,0.10999,0.11111,0.10691194689792145,0.10374,0.10118,0.09924,0.09838,0.09794,0.09852758414574368,0.09951808869938171,0.10151,0.10444,0.1073034484205158,0.11028829372276198,0.18745,0.1812786672442401,0.17513,0.16836,0.16088,0.15439354398283403,0.14774,0.14147263465217916,0.13513,0.12921,0.12382,0.11804,0.11237887978688815,0.10650023137764768
14-01-2026 14:35,25635.8,0.12229,0.11516,0.11152,0.10782496926735934,0.10454,0.10167,0.10004,0.09918200183018315,0.09944,0.09981,0.1019,0.10451,0.1076051111957003,0.11165,0.1871,0.1813,0.17483381419575955,0.16836,0.1615,0.15519217462159815,0.1483,0.14255,0.13502,0.12908,0.12364,0.11828,0.11329,0.10781
14-01-2026 14:40,25660.55,0.11727,0.10852,0.10508235614427751,0.10285,0.10016,0.09882,0.09744264868918974,0.09656,0.09711,0.09738,0.09949,0.10216,0.10515,0.10935,0.1897,0.18509,0.17715,0.17051,0.16369,0.156852061490431,0.14981959631857755,0.14354585371639447,0.13687,0.13082380651832035,0.12509735883532022,0.11945,0.11433868798647112,0.10926
14-01-2026 14:45,25696.2,0.10274,0.09888,0.09827890483106323,0.09757298070768078,0.09661,0.09562,0.09490153832361509,0.09361,0.09452,0.09530031463488178,0.09727498943944318,0.09986670372366306,0.10308,0.10702,0.19234,0.18584,0.17971,0.17297,0.16607,0.16036,0.15297,0.14669219878098966,0.13961,0.13304,0.12737873311038003,0.12184,0.11678,0.11170639847548741
14-01-2026 14:50,25697.1,0.10944749585120729,0.10479,0.10023,0.09933,0.09631,0.09522732946605607,0.09389106536857471,0.0936,0.09423,0.09482,0.09688,0.09925872899397863,0.10241,0.10623,0.19216,0.18568,0.17935,0.17286,0.1656,0.15962,0.15273118962991336,0.14629,0.13953431294670632,0.13314,0.12776,0.12194527596202775,0.11689,0.11105
14-01-2026 14:55,25696.05,0.09894,0.09608998304548932,0.09371183422912491,0.09216,0.09119691112762539,0.09065,0.09068,0.09041,0.09135,0.09226,0.09483,0.09741,0.10074997774296073,0.10479,0.19065,0.18713,0.17834,0.17262057258089578,0.16485760847921754,0.15886,0.15208,0.14621,0.13927922923608038,0.13274,0.1271968460797888,0.1217,0.11692,0.11211335447826852
14-01-2026 15:00,25666.15,0.10545,0.10721,0.10359,0.10214,0.09894,0.09703,0.0960059931382545,0.09541,0.09563,0.09602,0.09841,0.10077,0.10414,0.10821,0.18941,0.18161,0.17703,0.17046,0.16314,0.15679936412260323,0.15014,0.14397,0.13713,0.1310525418603062,0.12537,0.11968,0.1144,0.10874
14-01-2026 15:05,25690.25,0.07851,0.09021,0.08915,0.09128,0.09116,0.09067,0.09081,0.09139,0.09267,0.09359,0.09631,0.09903245003188284,0.10261,0.10675,0.19082,0.18504687747567206,0.17908,0.17234,0.16507,0.15907,0.15247809225052075,0.14637,0.13923,0.13364,0.12821116363375357,0.12283,0.11837,0.11334
14-01-2026 15:10,25672.65,0.09847,0.09817,0.09722,0.09626940895439028,0.09517,0.0947,0.09444,0.09436,0.09494,0.09609,0.0983055737000542,0.10099,0.10445,0.10834,0.18913,0.18298,0.17669,0.17008532827601872,0.16318,0.15736,0.15017,0.1440478800384393,0.13802,0.13231,0.12719,0.12205803329260449,0.11733,0.11239
14-01-2026 15:15,25654.0,0.11178,0.10719,0.10592,0.10313254236723417,0.10052,0.09908,0.09815,0.09759765550250742,0.09775,0.09873698857531947,0.10062,0.10284,0.10571,0.11003,0.1885,0.18147,0.17584,0.16886,0.16139,0.15588,0.14914741493295358,0.14301,0.13577,0.130209867447066,0.12509,0.11969,0.11511,0.11050824145435433
14-01-2026 15:20,25659.6,0.11563,0.1131,0.10901,0.10678,0.10388,0.10162,0.10026,0.09934,0.09887,0.09977986481443035,0.10162,0.10373661352842886,0.10670116955239159,0.11045,0.18926,0.18298,0.17657,0.16936,0.16209,0.15706,0.14917,0.14332611627467168,0.13668,0.13113,0.12555335085252092,0.11996,0.1153,0.11002
14-01-2026 15:25,25670.6,0.10410974731024955,0.10381,0.10346,0.10035,0.09914,0.0972,0.09624,0.09617,0.09556,0.09666,0.09979,0.10179,0.10374584914165945,0.10577535698884274,0.19156,0.1837192519439638,0.17797,0.16772,0.1662,0.15985,0.15004,0.145,0.13896661347068412,0.13353,0.12719,0.12262,0.1184,0.11415668461473437
16-01-2026 09:15,25709.45,0.14811,0.13601,0.13172,0.12472,0.11844,0.11432,0.11076,0.10759,0.10586941020634727,0.10477084320686987,0.10516,0.10618,0.10852,0.11261,0.19829,0.19189,0.18628,0.17902921354651616,0.1719505452325572,0.16484049811374052,0.15732,0.15113,0.14345,0.13686,0.13065436386824847,0.12493,0.1190275606405626,0.11341
16-01-2026 09:20,25731.8,0.12109316823268367,0.11626,0.11140933056347904,0.10672,0.10463,0.10155613165706966,0.09945,0.09803,0.09731412181746169,0.09736,0.09879,0.1004,0.10317,0.10711,0.2002,0.19314,0.18643,0.17837741821575506,0.17063,0.16466,0.15780313945419422,0.15158,0.14451890088118388,0.1377,0.13216,0.126,0.12073590815789857,0.11561
16-01-2026 09:25,25713.95,0.13856,0.12947408804806798,0.12231,0.11478,0.11065966550044995,0.10721,0.10394,0.10164,0.09945,0.09887,0.09971,0.10082641096124703,0.1032,0.1049584198910414,0.19718,0.19095,0.183,0.17458,0.16717,0.16118,0.15412,0.14773,0.14107141918957217,0.13457990519042143,0.12856,0.1223,0.11729,0.1114
16-01-2026 09:30,25717.25,0.12074,0.11467,0.10708,0.10517470449634528,0.10414,0.10075423916079779,0.09836,0.0962017922277107,0.09486775203744148,0.09457,0.09555,0.09727,0.09987,0.10408,0.19536730613252243,0.18833,0.1813,0.17333,0.16636,0.1595930290328013,0.15269287910832563,0.14636,0.13917,0.13305,0.12774,0.12199818429769767,0.11695,0.11155098756153856
16-01-2026 09:35,25703.5,0.12154,0.12388,0.11176,0.10671,0.10359,0.10087,0.09855,0.0969,0.09574,0.09533,0.09651,0.09822879681532586,0.10103812856383435,0.10491,0.19475,0.1872,0.1815,0.17409238956892106,0.16727025359161848,0.16004,0.15277,0.14565,0.13886,0.13325,0.12731026778419063,0.12168,0.11707,0.11244206370527968
16-01-2026 09:40,25700.0,0.14571,0.13989,0.1281,0.12149,0.11634,0.11163,0.10743,0.10359962348255966,0.10102,0.09973,0.09978,0.10071,0.10264,0.10458292456601191,0.1957,0.18768,0.18089,0.17314,0.16654397409475097,0.16001258452187878,0.15311,0.14438,0.13719,0.13049,0.1244,0.11798,0.11307,0.10711
16-01-2026 09:45,25718.5,0.13848,0.13252,0.12559629471367492,0.12012,0.11514,0.11078,0.1061,0.1033,0.10085913123587201,0.09966084987149339,0.09937,0.10053,0.1021,0.10583,0.19647,0.18959539079449647,0.18317,0.17508,0.16795,0.16145,0.15485,0.1471126265748445,0.13866,0.1313,0.12490790122232917,0.11871095111143753,0.11363,0.1077
16-01-2026 09:50,25745.0,0.13175,0.12499,0.11837,0.11307542326854468,0.10858200123513165,0.10464767144908377,0.10109876513050411,0.09899,0.09680905856329741,0.09574,0.09590916157533548,0.09708,0.09913,0.10256,0.19912,0.19253176253602625,0.18614,0.17893,0.17222250383984827,0.16483,0.15817,0.14905,0.14158,0.13425,0.1278,0.12143765759458464,0.11573,0.10952
16-01-2026 09:55,25750.1,0.12116,0.11596211209090758,0.11023688379797182,0.10618666228178515,0.10247,0.09940734972550286,0.09694,0.0947334292721667,0.09336741918876414,0.09265,0.09316,0.0946,0.09596593348091384,0.09749090203764983,0.20056245506975806,0.19348,0.18675747639863052,0.1794,0.1726409561861518,0.16556,0.15846,0.15025862604282647,0.14261,0.13492,0.1286,0.12195387680730903,0.11622511059091702,0.11059
16-01-2026 10:00,25740.5,0.14949,0.14199,0.13129968960853416,0.12292,0.11662,0.11173,0.10763,0.1041083752523409,0.10091199220258922,0.09937,0.0992,0.10044,0.101606692496022,0.10293317334370897,0.2,0.19269,0.1860841001095056,0.17918,0.17187,0.16518,0.15801,0.14887,0.14153,0.13353,0.12685,0.12,0.11433,0.10793
16-01-2026 10:05,25754.15,0.14244,0.1307,0.12569,0.11996,0.11346,0.10920521779442426,0.10556,0.10204,0.09952,0.09822,0.09824,0.09963,0.1009461232346908,0.10242146986416448,0.19997,0.19314,0.18727570182792583,0.1803783964900941,0.17338,0.16645,0.15839355253971102,0.15018,0.14269,0.1349,0.12799,0.12135,0.11577,0.1101653000763486
16-01-2026 10:10,25768.1,0.15031,0.14064868904402875,0.13218,0.12358,0.11782867652264492,0.11277,0.10856,0.10474,0.10237,0.10050669233549135,0.0998,0.10087,0.10294180171054423,0.10645,0.20237,0.1958917843426858,0.18954,0.18223,0.17517,0.16822,0.16104,0.1521,0.14493,0.13691,0.1300895644983462,0.12319,0.11695,0.11015
16-01-2026 10:15,25809.45,0.17053,0.15898926422084847,0.14845,0.13976,0.13346,0.12639,0.12041,0.11533,0.11258,0.10915,0.10741,0.10778,0.10879,0.11139,0.2064137978568117,0.20007,0.19377,0.18647,0.17941,0.17247,0.16499322988944562,0.15651901532180468,0.14892,0.14084,0.13404,0.1272,0.12082,0.11367
16-01-2026 10:20,25841.8,0.15819,0.14716,0.13899,0.13187,0.12373,0.11866143408985814,0.11434,0.11057199865287004,0.10763,0.10463,0.10322,0.10351,0.10438238546163406,0.10678,0.21061534922403102,0.2039,0.19723,0.18991,0.1831,0.17633118470027592,0.16939,0.16113239604160037,0.15362,0.14545,0.13879312978086483,0.13178,0.12547,0.11796
16-01-2026 10:25,25852.75,0.16242,0.14949,0.13841269450237736,0.12939,0.12252,0.11715,0.11283,0.1087,0.1051985071474527,0.1027,0.10127,0.10126,0.10209,0.10456,0.2119,0.20486,0.19833810810537825,0.19119,0.1842437991939087,0.17714380340392963,0.17022,0.16149,0.15425372284160005,0.14685,0.14009,0.13271,0.12637,0.11887
16-01-2026 10:30,25857.6,0.15034,0.13945,0.13079,0.12434027241458877,0.11883,0.11293,0.10892,0.1052,0.10288,0.10016,0.0989,0.09916,0.09982,0.10275,0.21194,0.20495,0.19833,0.19135,0.18431769231790357,0.17715,0.16962087622811872,0.16177,0.15466,0.14751,0.14058998450352364,0.13347,0.12712,0.11996
16-01-2026 10:35,25863.75,0.14996361234952554,0.14056,0.13121,0.12583,0.11945811670747816,0.114,0.10955,0.10609,0.10326,0.10069,0.09935,0.09958137961333222,0.10057004666396431,0.10294,0.21288,0.2055,0.19888127976872375,0.19191,0.18520503990629092,0.1782,0.17108,0.16276,0.15562,0.14813,0.14179,0.13470516273297842,0.12811,0.12125452736043708
16-01-2026 10:40,25871.4,0.11897,0.11633,0.10899,0.10727,0.10349,0.10199,0.0993,0.09705,0.09528,0.094,0.09354631090272632,0.09435,0.09576,0.09883,0.2125167886882755,0.20618,0.1999,0.1929,0.18615375598392708,0.17892,0.17202,0.1635,0.15638,0.149159526984413,0.14258,0.13572486850782792,0.12916,0.12225
16-01-2026 10:45,25855.55,0.1351446865928285,0.13244,0.12971,0.12357,0.11755,0.11201,0.1082,0.1044,0.10165,0.09939,0.09839,0.09844,0.09942,0.10234,0.21227935781258123,0.20522,0.19850705849318923,0.19125,0.18446,0.17775,0.17022814738430236,0.16223,0.15501922132698534,0.14768,0.14126,0.13416708334399755,0.12765,0.12038
16-01-2026 10:50,25847.05,0.14577,0.13897,0.12961586911760561,0.12192,0.11503,0.11031,0.10605,0.10261,0.10005,0.09817,0.09713,0.09772917351050253,0.09902975582579332,0.10168,0.2108,0.20382,0.19754,0.19054,0.1834050055076231,0.17608389026535237,0.16845101452163116,0.16107,0.15391974950533183,0.14671,0.14015,0.13314,0.12674,0.11969
16-01-2026 10:55,25842.9,0.14318,0.1324,0.12298118138909682,0.11551,0.11107,0.10684,0.10341886495709192,0.10028248948710096,0.09825,0.0965777398828887,0.09575,0.09636,0.09761,0.0988780723458641,0.21193874354974188,0.20446911630555145,0.19721,0.18991,0.18287,0.17618,0.16946,0.1609,0.15371,0.14662,0.14015,0.13319012696369875,0.1265,0.1194
16-01-2026 11:00,25831.1,0.14914,0.13706118473849227,0.12683,0.1186,0.11283,0.10897,0.10495,0.10159,0.09908412994800081,0.09704645574846422,0.09635,0.09695,0.09832,0.10148,0.20992,0.20217,0.19686,0.1892,0.1821,0.1756,0.16797683551267986,0.1602,0.15294,0.14593,0.13922,0.13222048174706544,0.1256578889109292,0.1189
16-01-2026 11:05,25828.0,0.15898,0.14145,0.13754,0.1275,0.11895,0.11351,0.10883,0.10513,0.10239,0.10000295545763283,0.09879,0.09902,0.09998,0.10281,0.2093,0.2023,0.1963,0.18895,0.18185,0.17460879567471535,0.16740150076060237,0.15993,0.15249,0.14534,0.13853,0.13165,0.12519,0.11872089664027849
16-01-2026 11:10,25825.7,0.13287,0.12163,0.11516,0.11241,0.10781,0.10493,0.10169790946798106,0.09914,0.09708884000457216,0.09583,0.09518,0.09622,0.09783,0.1011,0.20835,0.20105,0.19435287858624337,0.18761,0.18088,0.1747,0.16794,0.15954,0.15263,0.14559,0.13948,0.13255,0.12667,0.12009
16-01-2026 11:15,25823.0,0.1348,0.11791,0.11802,0.11308,0.10815,0.10492,0.10163461439859663,0.09876,0.09692,0.09503,0.09475181470179933,0.09583,0.09765,0.1011,0.20775,0.20039803460312106,0.19365,0.18588,0.17904,0.17256,0.16557,0.15775,0.1510097302372914,0.14429,0.13832,0.13183,0.12611,0.11987
16-01-2026 11:20,25813.0,0.1374,0.12177,0.12075,0.11476,0.10972,0.10533,0.1025,0.09930384522967477,0.09729152795376586,0.0959,0.09569530614384529,0.09673,0.0982,0.1015,0.2055111302554897,0.19854,0.19194801292531463,0.1849363005338699,0.1779,0.17119,0.16423,0.15643,0.14972,0.14286,0.13693,0.13047381653270934,0.12445,0.11825
16-01-2026 11:25,25811.55,0.14089,0.1292,0.12487,0.11889,0.11332,0.10936,0.10597,0.10248,0.1002,0.09808,0.09763,0.09798047442746673,0.09942,0.10261,0.20686,0.19845,0.19273,0.18494,0.17816336028961202,0.17108,0.16435,0.15612,0.14943,0.14258,0.13624251199586387,0.12987,0.12371770434479175,0.11761
16-01-2026 11:30,25823.8,0.15411,0.113,0.11435,0.10898,0.10518130151613887,0.102,0.09995,0.0975,0.09647,0.09487,0.09483,0.09594,0.09743,0.09894810213189544,0.20831,0.19913,0.19347,0.18572,0.17835,0.171567387578895,0.16483,0.15688,0.15027,0.14366,0.13741,0.13085,0.12501,0.11873
16-01-2026 11:35,25810.0,0.12446,0.11726987692193029,0.11493,0.1102828347012998,0.10626,0.10419,0.10133,0.09905,0.09732,0.09597,0.09562806699890458,0.0965,0.09825,0.10142,0.20388,0.19723,0.19164,0.18424,0.17716,0.17024,0.16336,0.15601560963482647,0.14879,0.14201,0.1360916281619396,0.12997,0.12389,0.11763
16-01-2026 11:40,25806.75,0.1389,0.12465,0.11794,0.11131225971807036,0.10622,0.10315,0.10062,0.09812,0.09705,0.09563978285161455,0.09532,0.09634,0.09806,0.10154,0.2045,0.19813,0.1924,0.1843,0.1769,0.16997,0.16292167274985833,0.15539887176610778,0.14868,0.14202,0.13598,0.12931,0.12373,0.11758
16-01-2026 11:45,25794.7,0.14051,0.13091,0.12373833932997166,0.11682,0.1107,0.10674,0.10367,0.10097,0.09913,0.0973,0.0968,0.09763,0.09919,0.10272,0.20353,0.1979,0.19172,0.18358,0.17642,0.1694424579192787,0.16245,0.15443,0.14754,0.14069,0.13437,0.12782,0.1218084114802926,0.11579
16-01-2026 11:50,25794.65,0.14526,0.13098,0.12389,0.11733353996174431,0.1119,0.10766,0.10416,0.10134,0.09948,0.09772,0.0971,0.09817,0.09991,0.10361,0.20397,0.1974320839064446,0.19142,0.18361,0.17616,0.16920712892269918,0.16225,0.15425,0.14738,0.14055,0.13438,0.12772,0.12185,0.11541
16-01-2026 11:55,25797.25,0.11631,0.11333,0.10804,0.10403,0.10069,0.09881,0.09713,0.09555,0.09487,0.09344,0.09392241637492743,0.09565,0.09765,0.10157,0.20337,0.1978,0.19087572779400896,0.18355,0.17697,0.17019,0.16317,0.15576173112465078,0.14836,0.1416,0.1352566875431067,0.12902,0.12284017738186477,0.11652158042420396
16-01-2026 12:00,25774.5,0.15350455087446982,0.14442,0.13569,0.12757,0.12104,0.11543,0.11063,0.10685,0.1044,0.10161,0.10091072171707638,0.10162,0.10292,0.10615,0.20194,0.19492786332962012,0.18827146787196583,0.18098,0.1739214578364659,0.16691,0.1597294432142888,0.1524,0.14513,0.1386,0.13227085951514683,0.12591934581147732,0.12011,0.11355
16-01-2026 12:05,25790.15,0.149065956740463,0.14723,0.14572,0.13608,0.12841,0.12167,0.11576,0.11123989454884273,0.10792,0.10457,0.10314,0.10357,0.10446,0.10716,0.202849378766039,0.19612,0.18942,0.18174,0.17458035544881206,0.16733,0.16055,0.15305537710720196,0.14594,0.13939,0.1326437108046157,0.12604,0.11992121919644888,0.1138
16-01-2026 12:10,25810.95,0.15056,0.1450176888890412,0.14114,0.13138,0.12354,0.11753,0.11245913596306123,0.1085,0.10536520967986535,0.10272926361257574,0.1017,0.10199,0.10283,0.10549,0.20417,0.19712,0.19123,0.18259,0.17569,0.16842,0.16154,0.15399,0.14702,0.1405,0.13394250288415846,0.12742,0.12188,0.11633959078990776
16-01-2026 12:15,25821.3,0.13938,0.13234,0.12675,0.11879,0.11084,0.10838,0.10396545167996252,0.1012,0.0992348928136116,0.09792,0.0971,0.0978,0.09951,0.10262,0.20592,0.19919,0.19179166847989274,0.18384,0.17603,0.16828,0.16178,0.15432,0.1477131799916522,0.1412,0.13494896503307185,0.1286623356365869,0.12285502516477395,0.11702
16-01-2026 12:20,25815.75,0.14513,0.1334,0.12668019383798812,0.11959,0.1139392522909708,0.10970831681991879,0.10576,0.10238,0.1004,0.09856,0.09786,0.09855,0.09994,0.10298,0.20463,0.1977912929045798,0.19134,0.18306,0.17587,0.16838606679137713,0.1613,0.15404635515845452,0.14733,0.14068,0.13489,0.12860279256197432,0.12264,0.11623
16-01-2026 12:25,25811.0,0.07388,0.07556,0.07403,0.08059,0.0818,0.08406,0.08529,0.08605,0.08702,0.08707,0.08859,0.09116,0.09414340495031388,0.0983,0.2022219549496757,0.19641,0.19061,0.18234,0.17548,0.1685,0.16209,0.15517133261633428,0.14875,0.14290231303305864,0.1372833775057483,0.13181,0.126283180122355,0.12060901614113081
16-01-2026 12:30,25738.6,0.15064,0.14403,0.13703,0.12998,0.12139,0.11635,0.11184,0.10782,0.10574,0.10304,0.10235,0.10337,0.1046,0.10804,0.19928164051258637,0.19115,0.18304,0.17546,0.16765,0.16045,0.15342994988004616,0.1465,0.1397887129822406,0.1333,0.12759,0.12143,0.11626,0.11068
16-01-2026 12:35,25771.0,0.13271,0.11957,0.11999,0.11437,0.10970976819382842,0.10662618011269714,0.1042884987410938,0.09944445398576605,0.09809692330939562,0.09743,0.09767164864981105,0.09898,0.10074,0.10431,0.20276114006460189,0.1944090289286955,0.18619,0.17795,0.1699,0.16309,0.15609,0.14932,0.14276,0.13619,0.13050768804822468,0.12469,0.11993,0.11418
16-01-2026 12:40,25768.5,0.12075206027730502,0.11783,0.11523,0.11094,0.10513,0.10293,0.10049,0.09866913370896511,0.09773,0.09643,0.0967,0.09827,0.10039,0.10439,0.20184155665489917,0.19373,0.18564,0.17742,0.17032,0.16289,0.15638,0.14954,0.14292,0.13661,0.13136,0.12545,0.12058,0.11512
16-01-2026 12:45,25759.4,0.13574,0.12873,0.11727,0.11155,0.1062,0.10382315766567793,0.10183,0.0995470220959686,0.09837253361359898,0.09762,0.09773,0.0993727579505437,0.1015,0.10533,0.19968,0.1918,0.18405882522694159,0.17633,0.16985,0.16292,0.15605,0.14955,0.14262,0.13604,0.13031591554639632,0.1246,0.11957,0.11427
16-01-2026 12:50,25750.05,0.15113,0.1299,0.13151,0.12439,0.11706,0.1124,0.10845,0.10559,0.10325776750206132,0.10154,0.10138985073833323,0.10258,0.10427,0.10777,0.19893,0.19105,0.18448,0.17589,0.16936,0.1618565216806173,0.1545,0.14786,0.14082,0.13403,0.12818,0.12194,0.1167,0.11113
16-01-2026 12:55,25759.95,0.13098,0.11788,0.10878,0.10340927955142976,0.10147,0.10013,0.09843100882985695,0.09701,0.09661,0.09593,0.09607,0.09866,0.10065,0.10459,0.20021,0.19233805787424366,0.18499,0.1771,0.17085,0.16355,0.15686,0.14965,0.14307,0.1367429090841634,0.13093,0.12530357641003448,0.1202,0.11467
16-01-2026 13:00,25740.05,0.11584,0.11504,0.11073472107259567,0.1065,0.10353,0.10136,0.09962,0.09819551424752232,0.09722828246138694,0.09708,0.09784,0.09999,0.1022,0.10614,0.19808291405338224,0.19105,0.18404,0.17607,0.16912,0.16179,0.15459,0.1476,0.14118,0.13477433545998754,0.12899561467735654,0.12322,0.11839,0.11323
16-01-2026 13:05,25723.25,0.13718,0.12798808686101756,0.12073,0.11549,0.11086,0.10673,0.10355,0.10198,0.10077,0.0998,0.10027,0.10199,0.10432,0.10812,0.19679,0.18752,0.18262,0.17465289200413509,0.16707,0.15978,0.1526,0.14583,0.13886,0.13222,0.12679,0.12034,0.11543776091413535,0.11048
16-01-2026 13:10,25717.95,0.13088990169689282,0.12359,0.11648,0.11189,0.10762,0.10473,0.10199,0.10044,0.09986,0.09863,0.09951,0.10155,0.10385,0.10775,0.19595,0.18846,0.18113,0.17322,0.16633,0.15906,0.1519,0.14494,0.13801,0.13187,0.12626,0.12043,0.11581,0.11036
16-01-2026 13:15,25715.5,0.12546,0.12116,0.11565,0.1126,0.10896,0.10405,0.10164704841752957,0.09984,0.099,0.09878423766243712,0.09956972260668884,0.10146,0.10356,0.10763,0.19604500157396612,0.18828,0.18058,0.17290929645385444,0.16584,0.15805,0.15146,0.14411,0.13769970093328376,0.13110268300871844,0.12538,0.11965,0.11476,0.10943
16-01-2026 13:20,25705.4,0.12947,0.11802,0.11258,0.10834,0.10497786001976427,0.10232,0.10035,0.09896,0.09863,0.09836110169059872,0.09917,0.10128,0.10405,0.1082,0.19409,0.18625,0.17938,0.17117,0.16438,0.15726487321623694,0.15032,0.14401,0.13719,0.13094163692438462,0.12549,0.11984,0.11567,0.11148326244435458
16-01-2026 13:25,25670.15,0.13919033618653653,0.13342303684710777,0.12849,0.12295662205365591,0.11803,0.11384,0.11037800630248172,0.10745,0.10562,0.10372,0.10444,0.10609,0.1076306084938305,0.1094075287316341,0.19162,0.18381918067079306,0.17675,0.16848,0.16129,0.15399222937423146,0.1477373028259801,0.14091,0.13484,0.12774,0.12256,0.11649,0.11182,0.10669
16-01-2026 13:30,25701.15,0.12575313277057235,0.12167,0.11776,0.11068,0.10665,0.10372,0.10152,0.10011,0.09928,0.0984,0.09946,0.10177,0.10453,0.10864,0.19291,0.18635,0.17821303353414558,0.17016,0.16344536965427917,0.15684,0.14999658822304365,0.14324,0.13718,0.13102,0.12596,0.12044085286026854,0.11571216569282847,0.11092
16-01-2026 13:35,25687.3,0.14434,0.13011,0.12208,0.11793248143060399,0.11418,0.11021,0.10674,0.10463,0.10289,0.10217028010812436,0.10239,0.10459,0.10710084425694591,0.11112,0.19179,0.18521,0.17755,0.169,0.16225,0.15562,0.14875340987181304,0.14176605010355794,0.13532,0.1298,0.12427,0.1189898948459383,0.1141,0.10873
16-01-2026 13:40,25701.3,0.12675825600931037,0.11979156714338204,0.11376,0.10739,0.10685,0.10394,0.10172,0.09979179826913231,0.09889409413538157,0.09871,0.09997952568544048,0.10235,0.1049,0.10746256109379354,0.1943,0.18630084944922187,0.17877,0.17057,0.16381,0.1569,0.15027,0.14380811237876162,0.13759,0.1315264644481454,0.12613,0.12059,0.11633,0.1111
16-01-2026 13:45,25699.7,0.1373,0.13042,0.11779,0.11529,0.10943,0.1053,0.10285,0.10143,0.10042,0.09952,0.10051,0.10286,0.10561,0.10982,0.1942,0.1862087365115857,0.17866,0.170239172223554,0.16244,0.15595,0.14943,0.1429420339697763,0.13674,0.13033,0.12474,0.11878,0.11483,0.10907
16-01-2026 13:50,25712.85,0.096,0.09541,0.09935,0.09913,0.09681,0.09661,0.09558,0.09533458330466507,0.09484705167929794,0.09559,0.09745,0.10022,0.10331,0.10789,0.19489,0.18785,0.18054,0.17231,0.16487,0.15825,0.15232,0.14546,0.13945,0.1337055117117287,0.12872,0.1229,0.1191,0.11438
16-01-2026 13:55,25689.85,0.12024,0.11693,0.11188,0.10916,0.1054,0.10308443858297284,0.1014,0.10011,0.09981,0.09967867981845152,0.10065,0.10302,0.10586,0.11021,0.19343,0.18596897524901246,0.17932,0.17,0.16313662031231493,0.15623654632233258,0.14998,0.1431,0.13705,0.13101,0.12583,0.12037,0.11565754445642264,0.11085
16-01-2026 14:00,25681.95,0.12937,0.1228,0.11186,0.10728,0.10449,0.10222,0.10041,0.09939,0.09862107187854209,0.09873,0.1004,0.10286,0.10605,0.11042,0.1928,0.1849,0.17867,0.16968,0.1625,0.15605,0.14951,0.14258299445020767,0.1363,0.13023,0.12524,0.12012728821565972,0.11547840818456513,0.11035119740675245
16-01-2026 14:05,25682.85,0.11697,0.10862,0.1064,0.10228448832678433,0.10009,0.09877,0.09759561146132044,0.09708,0.0973,0.0977040386709465,0.09919,0.10199,0.10529,0.10988,0.19376,0.18657,0.17982,0.1714188138229048,0.16379,0.15719,0.15029,0.14367,0.13742,0.13134,0.12618,0.1206,0.11655,0.11155
16-01-2026 14:10,25684.7,0.12427,0.11599,0.11313,0.10931099972723737,0.10579,0.10318,0.10086,0.09999,0.09936,0.09903,0.10061,0.10323,0.1057712712464826,0.10845961543296322,0.19436,0.18752,0.18102,0.17225,0.16485,0.15764,0.15094,0.14388977544852255,0.13746,0.13112,0.12593,0.12005,0.11561,0.11114580539796169
16-01-2026 14:15,25676.95,0.1296,0.11748,0.11738,0.11233798703083646,0.10781,0.10494,0.10251,0.10111,0.10068,0.1001,0.10156,0.10398,0.10693,0.1114,0.1929,0.18651,0.18004,0.17128,0.16389,0.15661618513109432,0.15001,0.14276,0.13635409612897467,0.13007,0.12489,0.11914645519389266,0.11431,0.10882
16-01-2026 14:20,25689.4,0.13376,0.12117,0.11415,0.11165,0.10693,0.10432,0.10156,0.10039,0.09946202103706321,0.09924,0.10062,0.10278363175613746,0.10594,0.11044,0.19482,0.1876,0.18081,0.17175,0.16441215760105257,0.15734,0.15051,0.14377,0.13728,0.13077,0.12510704892561486,0.11961,0.11523,0.11081974528946162
16-01-2026 14:25,25707.1,0.10563,0.10337,0.09999,0.10035114525691882,0.09989,0.09852,0.09679,0.09635,0.09596,0.09605,0.09786,0.10066,0.10379,0.10692981900716385,0.19591,0.18921175783425156,0.18305,0.17365,0.16691,0.15974,0.15263,0.14607,0.13954,0.13287,0.128,0.12219123167468354,0.11732,0.11196425774919769
16-01-2026 14:30,25688.2,0.1291,0.12584,0.11783,0.11225,0.1086,0.10543,0.10269,0.10131,0.10008,0.0997,0.10106,0.10314240150648062,0.10627,0.11062,0.19315250537477419,0.18678,0.18041,0.1717,0.16468,0.15737818071156784,0.15022,0.1435,0.13669,0.13054,0.12518,0.11931,0.11504,0.10955
16-01-2026 14:35,25708.0,0.0988,0.10357152056953234,0.10769,0.10343,0.10132,0.09913,0.09727,0.09647821475872048,0.09596,0.09652696174224454,0.09799412328871603,0.10018024541126229,0.103,0.1047615318564264,0.19561401481315005,0.18888,0.18215,0.17312,0.16617,0.15883,0.15184,0.14478,0.13916,0.13226,0.12688135726111663,0.12115075634662596,0.11629848010931775,0.11142
16-01-2026 14:40,25706.4,0.13025,0.11776,0.11254,0.10775,0.10445,0.10217,0.09992629101370715,0.09848,0.09765,0.09744,0.09866,0.10081,0.10407,0.10733587363278291,0.19508,0.18877,0.18134,0.17234,0.16511042631749387,0.15791,0.15124,0.14424,0.13787531243843346,0.13152,0.12614,0.12037627881084297,0.11546,0.10992
16-01-2026 14:45,25707.8,0.11305,0.10988161269528846,0.1079,0.1037,0.10121728702141776,0.09932,0.09747,0.09656,0.0962,0.096,0.09755,0.09992151224087957,0.10320494676770736,0.10763,0.19566,0.18742486648727194,0.17986124701393288,0.1717471640668543,0.16439,0.15805,0.15116,0.14419,0.13795,0.13183,0.12668,0.12112,0.11607451073879252,0.11095
16-01-2026 14:50,25692.95,0.12547,0.11918,0.10981,0.1093,0.10592,0.10255,0.10015,0.09932,0.09851,0.09818,0.09941,0.10159,0.10482,0.10908,0.19487,0.18729346232907895,0.17988,0.17202201519467125,0.16483532270016052,0.1571306716430816,0.15028,0.14363,0.13705,0.13119709832585727,0.12599,0.12031,0.11583,0.11133155192839209
16-01-2026 14:55,25700.95,0.12221198611347736,0.11808116805497729,0.11405,0.10999,0.1057506173235331,0.10251539710554256,0.09972640469993731,0.09834,0.09736,0.09789,0.09887,0.1009,0.10365,0.1081,0.19471,0.18681,0.18024,0.17093,0.16359591608849947,0.15639,0.15009,0.14316,0.13697,0.13133,0.12612,0.12070903279328046,0.11571,0.11054
16-01-2026 15:00,25706.3,0.11793,0.10192,0.10295,0.10143007490430936,0.09969,0.09792,0.09651,0.09594,0.09545,0.09534,0.09684,0.09922,0.1025,0.10705,0.19519,0.18809,0.17981121694018523,0.17142,0.16433,0.15744,0.15132,0.14473,0.13875,0.13248,0.12729009016428866,0.1219467958593019,0.11743,0.11238
16-01-2026 15:05,25694.05,0.11281,0.1108,0.10746,0.10416,0.1024,0.09971,0.09806,0.09725,0.09693,0.09638,0.09775512700662856,0.10026,0.10341,0.1081,0.19419,0.1868768178136262,0.1797,0.17157497141677475,0.16427660573650654,0.15637,0.15045,0.14318,0.13737577060891565,0.13156,0.12665,0.12127841399145689,0.11665,0.11126
16-01-2026 15:10,25691.6,0.11496,0.11011,0.10436,0.103,0.10059451026823425,0.09867,0.09737,0.09678,0.09653,0.09608,0.09782,0.10012,0.1032,0.10803,0.19358,0.18592713098987002,0.17879,0.16985,0.16215,0.1559,0.14978,0.14276,0.137,0.13112897715999144,0.12602596087127907,0.12112,0.11638,0.1116141834138591
16-01-2026 15:15,25691.75,0.12581,0.11934092375132198,0.11411,0.10990558155432559,0.10641,0.10313,0.10126,0.09949,0.09876467782613345,0.09840459435573604,0.09963,0.10181756098924163,0.10484,0.10931,0.19389486745348977,0.18655,0.17919,0.16989,0.1627487454945073,0.15566,0.14908336915562898,0.14257639073497286,0.13686,0.13102157702118064,0.12564162850256075,0.12036,0.1151151775056802,0.11
16-01-2026 15:20,25695.9,0.12636,0.11841,0.11262,0.10858725196215634,0.10512,0.10249,0.10053,0.0988797815629879,0.09793,0.09820690023302268,0.09946,0.10206,0.10458596740551021,0.10725616570727174,0.19487,0.18661520032043616,0.17901466947438827,0.17096,0.1638286251273276,0.15688,0.15018704675620542,0.14363,0.13718787216852363,0.13107,0.12569858341631523,0.12023,0.11537,0.10972
16-01-2026 15:25,25697.65,0.12031,0.1104,0.1066,0.10453,0.09976,0.09915,0.09722,0.09583,0.09506,0.09531,0.09719,0.10021,0.10315437347378274,0.10624139596454706,0.19461,0.1898,0.18118,0.17114,0.16431,0.1551,0.14895,0.14256,0.13677,0.13126,0.12625,0.11962,0.11517,0.10954
19-01-2026 09:15,25549.65,0.14245,0.13519,0.12937365093241016,0.12492051491667831,0.1214,0.11899,0.11806,0.11773167695585493,0.11852,0.11961,0.12266,0.1262653456266691,0.13084197653905766,0.13657,0.20612,0.19843,0.1915,0.18321,0.17385,0.16623,0.15889,0.15008,0.14249,0.135720861117993,0.12989,0.12393182311784824,0.1187,0.11346
19-01-2026 09:20,25596.45,0.08441,0.08932,0.09374,0.09633,0.09736,0.09895822043837736,0.1011,0.10234,0.10559,0.10874579120642543,0.11308,0.11716,0.1227025676741918,0.12876,0.21017,0.20166,0.19502,0.18657,0.17775,0.17067,0.16256,0.15405,0.1468865582423521,0.14047,0.13504,0.12996,0.12594,0.12153
19-01-2026 09:25,25570.45,0.1024,0.10142,0.10257,0.10268691943685752,0.10232509224321096,0.10296996895360186,0.10414,0.10522,0.10833,0.11125836184181137,0.11543079361481787,0.12016,0.12570431194930792,0.13211,0.20873,0.20057,0.19328,0.18469,0.17673,0.16852,0.16075,0.15196986406659624,0.14424,0.13812,0.13237,0.12696,0.1231,0.11855
19-01-2026 09:30,25544.4,0.1437,0.13407,0.12883203102510032,0.12442,0.11993,0.11696,0.11538129532104897,0.11492,0.11679,0.1189,0.12285,0.12687,0.13188,0.1368891918970412,0.2068962312663131,0.19894,0.19126975189825995,0.18313,0.1749305414605124,0.1666509407453398,0.15782162640846278,0.1504,0.14143,0.13439,0.12785818745691635,0.12151,0.11662,0.11102
19-01-2026 09:35,25579.4,0.09938,0.09619,0.09934,0.09923347629252445,0.1005898682786735,0.10124,0.102,0.10339,0.10655,0.10958,0.11372500356976702,0.11861,0.12437,0.13093,0.21264,0.20463,0.19773,0.18849,0.18053,0.17254,0.16418,0.15568264255401015,0.14696,0.13985,0.13399433103618746,0.12832,0.12423,0.11922
19-01-2026 09:40,25551.95,0.12474,0.12028,0.11453,0.11254,0.11043,0.10929600597436147,0.10928,0.1094,0.11187,0.11453,0.11816587924062932,0.12264421968061646,0.12803,0.13250893051114446,0.20806,0.20021,0.19271,0.18393860668447162,0.17573700131266104,0.1672,0.15913295641559963,0.15005817297305668,0.14192504012255164,0.13476,0.12888,0.12301774746615808,0.11862,0.11313
19-01-2026 09:45,25560.95,0.11745,0.11174,0.11006,0.10947,0.10771,0.10715,0.10706,0.10726,0.11016,0.11282,0.1165339629887381,0.12107,0.12643,0.13281,0.20898,0.20064569564659837,0.19276956106035487,0.18423,0.17651,0.16847,0.16008,0.15174,0.14344,0.13618,0.13053,0.12461,0.12019,0.1149
19-01-2026 09:50,25558.35,0.09813,0.09997475394372723,0.10203,0.10231,0.10235,0.10252,0.10324,0.10493747584236317,0.10771,0.11077,0.1150469118800578,0.12005,0.12593,0.13257,0.20877,0.20115438287320458,0.19383,0.18471,0.17721,0.16877,0.16055,0.1521,0.14406,0.13708202645290155,0.13132975392854784,0.12572,0.12158,0.11685
19-01-2026 09:55,25558.2,0.10221,0.10014,0.10145530498128118,0.10229,0.10223,0.1022482485288147,0.10338,0.10459,0.10823,0.11146,0.11594,0.1209,0.1266598904738168,0.13321,0.20929,0.20139,0.19461,0.18508,0.17753,0.16879,0.16056,0.15232,0.14407,0.13747024782238537,0.1319,0.12601,0.12211,0.11727
19-01-2026 10:00,25520.6,0.11102,0.10743,0.10734,0.10683,0.10585,0.10569407558632495,0.10601,0.10794687967828041,0.11123,0.1146,0.11929,0.12411,0.13013,0.13675,0.20707,0.19896,0.19193,0.18325,0.17535,0.16608,0.15742063386841315,0.14947,0.14123,0.13504,0.12974,0.1241,0.11963137580163612,0.11506
19-01-2026 10:05,25510.95,0.12587221021245687,0.12154,0.11737,0.11468058874476707,0.1124,0.11138,0.11069,0.11147,0.11459,0.11748583811843624,0.12179317714378164,0.12648,0.13215,0.13871,0.2057,0.19803,0.18988,0.18129,0.17407,0.16455,0.15632,0.1478614715249077,0.13978,0.13291,0.12700477384190745,0.12118,0.11689,0.11165
19-01-2026 10:10,25528.25,0.11377,0.11102,0.10945,0.10865,0.10732,0.1069,0.10676,0.10798,0.11157,0.11463,0.11918,0.12409,0.12999,0.13649,0.20879656113737874,0.20022,0.19168,0.18279,0.1746093846645217,0.1662,0.15777595886726825,0.14982,0.14134,0.13535,0.13002,0.12434,0.12024,0.11609004227948354
19-01-2026 10:15,25530.4,0.12141,0.11548,0.11096,0.10913529554976975,0.1083,0.1073257693444745,0.1075,0.1084,0.11225,0.11533,0.11985183119732097,0.12455,0.13037,0.13617499933413785,0.20674,0.19922,0.19156,0.18271,0.1747243497841387,0.1662,0.1577209266794324,0.14908,0.14128,0.1346988850483982,0.12892419249146161,0.12367,0.11966,0.11559968299709036
19-01-2026 10:20,25543.9,0.10527,0.10863,0.10872,0.10733277059486704,0.10618,0.10562,0.10593,0.10742,0.1109,0.1139,0.11814,0.1228743824167542,0.12856,0.13525,0.20859,0.20100807119866193,0.19336,0.1847881312400697,0.1765,0.16769,0.15962,0.15065,0.14289,0.13678,0.13111,0.1262,0.12128,0.11615
19-01-2026 10:25,25526.15,0.09784,0.10189,0.10217939860918802,0.10252,0.10243,0.10311,0.10435,0.10618,0.11058,0.11396806486327213,0.11839,0.12352,0.1286217684345892,0.13373055888800345,0.20783,0.20095,0.19232,0.18335,0.17583,0.16711,0.15904,0.15084,0.14335,0.13761,0.13253,0.12716,0.12338,0.1189
19-01-2026 10:30,25515.7,0.11207,0.11108,0.10904,0.10873,0.10713,0.107,0.10726,0.10887,0.1126,0.11579,0.12017344961019359,0.12525,0.13067,0.13722,0.20868944503086956,0.20001017029531526,0.19129,0.18263,0.17446,0.16575,0.15768,0.14928,0.1424748687948979,0.13626502653502265,0.1308660761486615,0.125734315048468,0.12146,0.11627
19-01-2026 10:35,25513.9,0.10925316595071885,0.10845,0.10764,0.10713,0.10687,0.10626,0.10705,0.10863,0.11265,0.11595,0.12018,0.12503419733809917,0.13066,0.137,0.2047885062574351,0.19815,0.19151,0.18248,0.17431,0.16585,0.15774,0.14968,0.14227,0.13634455365349982,0.1309835503267069,0.12639,0.1219535849911631,0.11797
19-01-2026 10:40,25500.4,0.12671,0.12105,0.11759971804131858,0.11492,0.11304,0.11158054146231566,0.11166,0.11259,0.11596,0.1186,0.12238,0.12702,0.13226,0.13833,0.20503935790282582,0.19704572051998062,0.18921255860403563,0.18111,0.17319,0.16441,0.15625,0.14777,0.14052,0.13446668327200706,0.12906,0.12365,0.11946,0.11466
19-01-2026 10:45,25525.55,0.11111,0.10924,0.10772,0.1078,0.10660644157856598,0.10635,0.10664,0.1084,0.11199,0.1149,0.11898137290574319,0.12381,0.12913,0.1355,0.20887,0.20024,0.19200230189493586,0.18344,0.17591,0.16744,0.15888,0.15089,0.14323,0.13755598118565415,0.13255,0.12684,0.12298,0.11823
19-01-2026 10:50,25515.9,0.12255890732523175,0.11866,0.1148,0.113,0.11051,0.10984,0.10947,0.11058,0.11388,0.11648,0.12064400409371584,0.12544,0.13063,0.13669,0.20749,0.19889,0.19183,0.1828,0.17492,0.16565,0.15761,0.14864,0.14145,0.13566,0.1298,0.12429,0.11994,0.1155511556675245
19-01-2026 10:55,25526.35,0.13233,0.12637,0.12133607223010308,0.11755117398126723,0.1144,0.1118,0.11078,0.11113542222179608,0.11384067668050077,0.11657,0.12053,0.12501,0.12999,0.13624,0.20857,0.19956,0.19221,0.18325142464643104,0.17485063808589763,0.16603,0.15766,0.14876890410775678,0.14085,0.13438,0.12854,0.12257,0.11808,0.11313
19-01-2026 11:00,25550.1,0.12151,0.11932,0.11586874301894722,0.11367,0.1118202967480957,0.10975453601297074,0.1089721696337028,0.10928,0.11236,0.11481,0.1185,0.12303292236383072,0.12812,0.13291309126565745,0.21143,0.2026242252792728,0.1943,0.18508,0.17745,0.16863,0.15967242913936322,0.15139,0.14332,0.13704,0.13131,0.12541,0.12046,0.1154
19-01-2026 11:05,25561.85,0.10899,0.10138,0.10069,0.10252,0.10185910693446817,0.10169,0.10215,0.10318,0.10665,0.11015408528980924,0.11449,0.11959,0.12517,0.13184,0.21292189791152544,0.20392029295104327,0.19516,0.18634,0.1787385945130643,0.17074,0.16283,0.15465761740004902,0.14716,0.14106,0.13515,0.12992,0.12522231188639674,0.12077
19-01-2026 11:10,25540.3,0.11046,0.11083,0.10827,0.10789,0.10588,0.10491,0.10515867454547545,0.10638,0.10954,0.11268,0.11737,0.1223,0.12767,0.13403,0.20769,0.20022,0.19262,0.18414,0.17678,0.1680577739261773,0.16,0.15135,0.14463,0.138,0.13236,0.12694,0.12227,0.11743
19-01-2026 11:15,25533.8,0.10798,0.10731,0.1053,0.10503,0.1036,0.10349,0.10402,0.10558,0.10894,0.11228,0.11706,0.12214,0.12774,0.13422,0.2066,0.19961,0.19276,0.18385,0.17612,0.16777,0.16042592334150882,0.15275493869867388,0.14568792576340484,0.1392931347904501,0.13327,0.12797483143745617,0.12329,0.1182964050488771
19-01-2026 11:20,25513.75,0.12529,0.11862,0.11396446235041688,0.11118486584915119,0.10907131547405756,0.10865482475449317,0.109,0.10982,0.11303,0.11594,0.12013828436145693,0.12507887782208416,0.13082,0.13576054539293295,0.2047124180151022,0.19808,0.19148,0.18214,0.17446062266947757,0.16562090872267105,0.15801,0.14993032298259482,0.14218,0.13622,0.13042,0.12507793389013355,0.12023,0.11555
19-01-2026 11:25,25514.95,0.12155,0.11788303175933737,0.11464309891782842,0.11269,0.11016,0.10919,0.10884,0.10989,0.11307,0.11606,0.12056,0.12524,0.13056,0.13686,0.20677,0.19908,0.19201,0.18296,0.17563,0.16681,0.15861,0.1503,0.14252,0.13653,0.13071,0.12539516458739816,0.12058,0.11544
19-01-2026 11:30,25517.75,0.1164,0.11895,0.11447,0.11310156836099021,0.11014,0.10869402439107104,0.10842,0.10934,0.11251,0.11579,0.12019,0.1249,0.13011,0.13532081900553133,0.20709,0.1994,0.19234,0.18368800583881348,0.1754,0.16715,0.15874,0.15046,0.14314570565103918,0.13664,0.131,0.12506049648210546,0.1201053417003102,0.11537
19-01-2026 11:35,25523.55,0.13105,0.12514,0.11925,0.11609,0.11285,0.11088,0.11000027638798253,0.1104,0.112678171779119,0.11588,0.11864174466978417,0.12133676851252585,0.12398506044292655,0.12673565302280826,0.20675,0.19921749932262783,0.19187,0.18327,0.17488,0.16705,0.15852,0.14979,0.14235496484680785,0.13564,0.12973,0.12382,0.119,0.11349
19-01-2026 11:40,25536.55,0.12496,0.12074,0.11594,0.11329,0.11037,0.10856,0.10765,0.10846,0.11115,0.11382,0.11815,0.12287,0.12793,0.13466,0.20795467446951332,0.20095,0.19398,0.18483023402605478,0.17667036097786545,0.16824,0.15964432730188996,0.15101999542068495,0.14335,0.13701,0.1309,0.12512,0.12048,0.11582734012791851
19-01-2026 11:45,25537.25,0.11701,0.11709,0.1135960897365918,0.11106,0.10883,0.10754,0.10676,0.10777,0.11073,0.11367,0.11808,0.1229,0.12826,0.13492,0.20866,0.20064,0.19372,0.18477,0.177,0.16869012583035028,0.16057,0.15202,0.14431,0.13781,0.13158,0.1257,0.12097,0.11573
19-01-2026 11:50,25541.5,0.11354651173135422,0.11365,0.11364,0.1105,0.10792,0.1068,0.10637,0.1072,0.11035,0.11317,0.11783,0.12231842821410896,0.12762,0.13443,0.20815,0.20067,0.19268,0.18491,0.17719,0.16884,0.16039,0.15234,0.14494137320018938,0.13809,0.13205,0.12577,0.12127,0.11592
19-01-2026 11:55,25540.75,0.10867,0.10743,0.10536,0.10369,0.10266,0.10272,0.10312,0.10508815678231909,0.10829,0.11183,0.11641054184558995,0.12165,0.12697,0.13378,0.20664254815593697,0.2002,0.19379,0.18487,0.17745,0.16917915738821468,0.1608,0.1534577591303435,0.1457434308548269,0.13915347491181307,0.1331,0.12732,0.12284,0.11794
19-01-2026 12:00,25527.0,0.10974,0.10841,0.10674,0.10549,0.10385,0.10401,0.10449,0.10618,0.11004,0.11389577728514502,0.11844,0.12351,0.12899,0.13448652375405826,0.2073,0.20016,0.19242,0.18348,0.17603023380767427,0.16707463331653727,0.15873117900444939,0.1513382077511194,0.14449,0.13814523349845276,0.13228,0.12672,0.1219194834945095,0.11728
19-01-2026 12:05,25522.1,0.1125444636196706,0.11073,0.1077749594409082,0.10596328383527033,0.10508,0.10483438830674718,0.10558,0.10727,0.11101,0.1141753504457727,0.11893275763054466,0.1243,0.12862559775868745,0.13311328634299918,0.20782,0.20016775783340596,0.1927,0.18434,0.17697,0.16887,0.16096717951527295,0.15223299606386306,0.14489,0.13817,0.13251,0.12657,0.12221,0.11694
19-01-2026 12:10,25521.0,0.12433,0.11889,0.11494,0.11236,0.1096488455239364,0.10817,0.10804,0.10903,0.1125,0.11537,0.11986,0.1248,0.13022414574976518,0.13657,0.20775,0.20045974700089406,0.19335,0.18459,0.17717,0.16903,0.16024,0.15184,0.14431,0.13714,0.131,0.1247,0.11998,0.11443
19-01-2026 12:15,25533.2,0.13678,0.12256,0.11838,0.11453,0.11132,0.10931,0.10839,0.10893,0.11202,0.1148,0.11916,0.12362,0.12856,0.13528,0.20755,0.20023804968525422,0.19279,0.18470082319619313,0.17679,0.16826497789564163,0.15986,0.15134,0.14366,0.13692,0.13042,0.12428,0.11911,0.11353
19-01-2026 12:20,25542.4,0.11411,0.10759829285707108,0.10266,0.10198,0.10102,0.10115,0.10161,0.10353,0.10747,0.11081,0.11555873455426627,0.12093,0.12651,0.13326,0.20885099398024456,0.20187,0.1949,0.18591,0.17898,0.1707,0.16180264051595256,0.15342,0.14596,0.13906,0.13334,0.12723,0.12264,0.11802560255325238
19-01-2026 12:25,25526.05,0.11773,0.11337,0.11022,0.10788,0.1059,0.10477875761766825,0.10506,0.10649,0.10989,0.11301,0.11802,0.12303,0.12859,0.1341606158672717,0.20776137133983813,0.20069,0.19363,0.18491,0.17726,0.16944,0.16091,0.15195,0.14452,0.13732,0.13175,0.12558,0.12117,0.11557
19-01-2026 12:30,25524.6,0.1156,0.11206,0.1088088547669313,0.10649,0.10471,0.10398,0.10478,0.10605,0.10988,0.11311,0.11825,0.12325,0.12894,0.13464012437271516,0.20828,0.2007879751353617,0.19352,0.18479,0.17714,0.16876938419721407,0.16056,0.15212324510903238,0.14437,0.13743,0.13158,0.12566,0.12063633538764824,0.11576
19-01-2026 12:35,25520.4,0.11317,0.11020573838404621,0.10806,0.10634,0.10473,0.10458,0.10512,0.10677,0.11044,0.11385,0.11905,0.12427,0.12963,0.13648,0.2079,0.20021,0.19313,0.18497522981838127,0.17702393637678146,0.16889,0.16016230193847902,0.15193,0.1447,0.13806276397413472,0.13223,0.12613,0.12148035818003035,0.1169
19-01-2026 12:40,25513.2,0.12541,0.11795,0.11543,0.11233,0.10978,0.10860206957130208,0.10847468537710439,0.10951,0.1127,0.11583,0.12062,0.12569,0.1311799697372109,0.13754,0.20737627702064468,0.19952,0.19169,0.18334,0.17599,0.16763,0.15912,0.14958,0.14208,0.13552,0.12947,0.12357,0.11899,0.11338
19-01-2026 12:45,25525.45,0.11245,0.11086,0.10752,0.10625,0.1046,0.10419,0.1049,0.10643,0.10959297655464009,0.1135524745974347,0.1183,0.12333,0.12899013973239118,0.13545,0.20849,0.20163,0.19299,0.18466,0.17734,0.16901,0.15942,0.15063,0.14358,0.13708,0.13145,0.12577,0.12132,0.11637
19-01-2026 12:50,25519.95,0.13225,0.12577,0.11927,0.11491,0.11157,0.10981,0.10898,0.11004346756426024,0.11256,0.11547,0.12006,0.12495,0.13004,0.13513185072648523,0.20679307794369772,0.19944,0.19209,0.18312,0.17524949389541875,0.16716,0.15768,0.14943,0.14178,0.13477,0.12875,0.12287,0.11815,0.11251
19-01-2026 12:55,25545.2,0.11676,0.11437,0.11059,0.10847,0.10618,0.10540589921630629,0.10519,0.10619,0.10918195249708995,0.11253,0.11723,0.12192,0.12727,0.13345,0.21005,0.20272159532908343,0.19547,0.18701703905361264,0.17924,0.17094306178639526,0.16151732491618453,0.15272440773014706,0.14532,0.13830687370306524,0.13208,0.12633,0.12177,0.11718657921509523
19-01-2026 13:00,25548.85,0.10962,0.11163,0.10901118794375711,0.10731,0.10504359741594677,0.10433,0.10439,0.10610584248564431,0.10896,0.11199,0.11649868290104771,0.12166,0.12697,0.13228249220227142,0.21235,0.20470149781977431,0.19703720057462998,0.18855,0.18082,0.17245,0.16358242475844595,0.15421,0.14696,0.13981273896503155,0.1335,0.1276,0.12278,0.11719
19-01-2026 13:05,25553.0,0.11105,0.1082,0.10615,0.10522,0.10357,0.10283603507457503,0.10356,0.10459,0.10837,0.11157,0.11633,0.12113,0.12647,0.13272,0.21327,0.20541,0.19782,0.18902,0.18215,0.17319,0.16354,0.15452,0.14689721219564839,0.1398,0.13362,0.12765,0.12291,0.11813801515329145
19-01-2026 13:10,25544.5,0.10337,0.10265,0.10198,0.1013,0.10012,0.10054,0.10159,0.1032,0.10731,0.11082,0.115629828364274,0.12070205669575011,0.12627,0.13267,0.21448262613588057,0.20590591443748524,0.19734,0.18881,0.18155,0.17253,0.164302475854028,0.15453958295895984,0.14665831123966272,0.13947,0.13366,0.12777,0.12327,0.11802
19-01-2026 13:15,25530.5,0.12054,0.11933,0.11433,0.11157,0.1088,0.10705,0.10684177652980834,0.10769,0.11106,0.11411,0.11878,0.12347,0.12873,0.13503,0.21156,0.20401,0.19485,0.18673,0.17924,0.17003,0.16063,0.1516,0.14386,0.13678,0.1306,0.12447,0.11935,0.11371
19-01-2026 13:20,25540.05,0.11044376599013178,0.10854,0.10596219312831633,0.1046,0.10267,0.10224,0.10289,0.10447,0.1084,0.11177,0.1165,0.12158,0.12702,0.13326,0.21433,0.20503,0.1966,0.18842,0.18086,0.17187,0.16249707171309788,0.15391,0.14603,0.13924,0.13261453339779636,0.12661001792052887,0.12163926370712932,0.11691
19-01-2026 13:25,25531.0,0.11509,0.11173308876093481,0.10858741515510174,0.10686,0.10463,0.10398,0.10429,0.10603963680699931,0.10936,0.11284,0.11743500354432865,0.12271,0.12805,0.13339552686028258,0.21303,0.20458445684889195,0.19606,0.18782,0.17992,0.17115,0.16142,0.15289,0.14481,0.13759,0.13151,0.12532,0.12006376014279685,0.11497
19-01-2026 13:30,25535.2,0.12707,0.12045,0.11491,0.11121,0.10838,0.10671,0.10644390021347609,0.10745,0.11038,0.11332996534256752,0.11785,0.12245283650696588,0.12795,0.1329970587855723,0.21217,0.20341,0.19546,0.18734,0.17957,0.17024502051122498,0.16126,0.15263,0.14467,0.1373,0.13107,0.12494024424053918,0.11976,0.11410786215471633
19-01-2026 13:35,25552.1,0.11146,0.11216,0.10796,0.10693,0.10432,0.10337,0.10342,0.1046,0.1082,0.11146,0.1160413452263657,0.1209,0.12642723624690325,0.13269,0.21298,0.20558,0.19688,0.18916,0.18172,0.17305,0.16378074363212275,0.15501,0.14706,0.13943,0.13343,0.12735808525085912,0.12225,0.11648
19-01-2026 13:40,25558.15,0.10084,0.10105343296776358,0.10058431830347371,0.10217,0.10096399365822332,0.10044,0.10130948037393432,0.10311433926066066,0.10605,0.10954,0.11444,0.11938,0.12445,0.1312,0.21455,0.20664,0.19828,0.18984,0.18241,0.17425,0.16413,0.15593,0.14815,0.1405,0.13448447529574611,0.12854,0.12393,0.11829
19-01-2026 13:45,25544.95,0.14487,0.13666,0.12756,0.12131572696264008,0.11614,0.11251,0.11062,0.11052,0.11243,0.11496,0.11903,0.12358,0.12837,0.13317377470971498,0.20948,0.20197,0.19316,0.18546,0.1781,0.16906449510433358,0.16012,0.15118,0.14295,0.13545630769557224,0.12862,0.12181,0.11596,0.11007813297641976
19-01-2026 13:50,25583.5,0.12838,0.12116,0.11611804465691698,0.11228,0.10902,0.10655008922388647,0.10557,0.10556,0.10766,0.11011,0.11412228465192964,0.11876,0.12347,0.12958,0.21282,0.205574727287528,0.19832,0.18915,0.18148109145504998,0.17343,0.16467,0.15624,0.14823,0.14042,0.13434,0.12716,0.12208,0.11696505911594388
19-01-2026 13:55,25602.3,0.1106,0.1098,0.10677,0.104,0.1033091809970938,0.10166350396382139,0.1012298328983339,0.10206656120457742,0.10419,0.10667,0.11069705659138375,0.11533,0.12046,0.12655,0.2172,0.20913,0.20067,0.19324,0.18519,0.17687,0.16751,0.1589997965939099,0.15044788859737804,0.14258,0.136,0.12898,0.12389,0.11756
19-01-2026 14:00,25605.6,0.12322,0.12221597655184069,0.12019,0.11659,0.11217,0.10884,0.10734352835622782,0.10689866691995327,0.10793,0.10987368631317149,0.11282,0.11712,0.12165,0.12738,0.21757,0.20907,0.20144,0.1937666715020304,0.18558,0.17699,0.16718,0.15838,0.1496199550858827,0.14124,0.13488,0.1275,0.12188,0.11534
19-01-2026 14:05,25625.95,0.12169,0.11189,0.10704837958985484,0.10345,0.10222,0.10043,0.09994,0.09999,0.10203,0.10432,0.10822,0.11282,0.11773,0.12264002413231169,0.21748322951224253,0.21071,0.20395,0.19544,0.18769836700097753,0.17924,0.16971,0.16069387620561962,0.15254,0.14421,0.13787,0.13055,0.12471814559647568,0.11896
19-01-2026 14:10,25615.15,0.1002298309702445,0.09995,0.09965,0.09834,0.09748,0.09712,0.09703,0.0976,0.10044,0.10347033140826493,0.10738,0.11256,0.11777,0.12431,0.22004,0.21226,0.20365,0.19573,0.18818,0.17891,0.1700572106076996,0.160139872966529,0.15187,0.1439,0.13771,0.13078,0.12572,0.12063834687813227
19-01-2026 14:15,25589.9,0.13766,0.13118,0.12342,0.11812,0.11379,0.11051,0.10828,0.10703,0.10803,0.10946,0.11277,0.11743,0.1220767781460029,0.12803,0.21464383984835436,0.20806,0.20148,0.1929829743545719,0.18483653557580873,0.1762,0.16675,0.15741981354873905,0.14877,0.14068613020008527,0.13357856183864636,0.12657,0.12068,0.11477166026020384
19-01-2026 14:20,25610.85,0.11315,0.11321,0.10957,0.10694,0.10476,0.10277,0.10175156891669189,0.10149,0.10293677099426099,0.10535,0.10893,0.1136,0.11863,0.12504,0.21923,0.21064,0.2033,0.19293,0.1855326657596832,0.17771,0.16863,0.1595649310037198,0.15143,0.14296,0.13683,0.1295,0.1243,0.11837
19-01-2026 14:25,25607.6,0.10579,0.10267,0.10032,0.10001,0.09933,0.09849917795854543,0.0982,0.09861593078612815,0.10058216169580295,0.10301,0.10743,0.11224,0.11779,0.12333087505490649,0.21751,0.21036,0.20216543775065712,0.19334,0.18599,0.17685,0.16782,0.15877,0.15127,0.14339,0.13723,0.13016,0.12514,0.1201002780990238
19-01-2026 14:30,25603.8,0.12084,0.11134,0.10881,0.10532,0.10358,0.10147,0.1003,0.10042,0.1026,0.10453,0.10834,0.1135,0.11882,0.12533,0.21718,0.20826,0.20189,0.1933229951412535,0.18532,0.17644969880943065,0.16768,0.15837,0.15067,0.14254723913695572,0.13575557122056284,0.12894,0.1232703793403272,0.11796
19-01-2026 14:35,25599.55,0.12345,0.12152,0.11567,0.11125,0.10814,0.10541,0.10399334841332306,0.10339,0.10504,0.10689975287141254,0.11035,0.11473880662156383,0.11999480228151585,0.12651,0.21519936667534445,0.20833,0.2015,0.19188,0.18429,0.1755154988328893,0.167,0.15792,0.15039,0.142,0.13561,0.1285,0.12255966599004378,0.11684
19-01-2026 14:40,25614.95,0.1120238435681071,0.10885,0.10565,0.10395,0.10221,0.10078,0.09969,0.09987,0.1021,0.10379,0.10764,0.11244,0.11784,0.1245,0.21837,0.20946,0.2018974026867315,0.19316,0.18627,0.17743342946342458,0.16874,0.1597,0.15185,0.1441120796363537,0.13747,0.13037,0.12507,0.1193
19-01-2026 14:45,25620.55,0.11037,0.10708,0.10642,0.10373,0.10236,0.10072,0.10008833786802546,0.10005,0.10146391350235369,0.10383,0.10731,0.11241,0.1174,0.124,0.21897,0.21112166862661114,0.20335,0.19475623031904937,0.18659,0.17784,0.16927578240605495,0.16058,0.1520506435089994,0.14412,0.13736806229357332,0.1307,0.12563,0.11969
19-01-2026 14:50,25623.15,0.1085,0.11035,0.10789,0.10536,0.10345,0.10152013444409318,0.1008,0.10025,0.10186,0.10386,0.10726,0.11208,0.11747,0.12387,0.22025,0.21127,0.20331574771386643,0.19481,0.1870315793204305,0.17899,0.16996,0.16094164746478054,0.15287,0.14462,0.1383,0.13097,0.12523,0.11946924396024859
19-01-2026 14:55,25624.2,0.10733,0.10507853982082158,0.1028892166596504,0.10127,0.09954,0.09874,0.09781,0.09807,0.09960293016984227,0.10206639280163908,0.10572,0.11066,0.1161,0.123,0.21990812616560612,0.21316,0.20647,0.19636,0.1889,0.17969,0.17092925007000542,0.16236,0.15414,0.14574,0.13925,0.1319,0.12646,0.11994
19-01-2026 15:00,25629.95,0.07571,0.08335,0.08974,0.09084,0.09110451063104136,0.09157,0.092,0.09314,0.09544083273358803,0.09833,0.10272,0.10797368148811136,0.1141,0.12154,0.22197,0.21378,0.2071,0.197,0.19015,0.18136316622126222,0.17272,0.16368,0.15576,0.14772,0.14142,0.1343,0.12862410502122895,0.12304
19-01-2026 15:05,25604.15,0.09258,0.09554,0.09658,0.09568,0.09561,0.09512281576108796,0.09489,0.09552,0.09748548099710698,0.10054,0.10469,0.11057,0.11646449415751532,0.12372,0.21802,0.20977957324460192,0.20222,0.19224,0.18469,0.17621,0.16796,0.1595,0.15167,0.14429,0.13815,0.13117,0.12627,0.1205
19-01-2026 15:10,25595.95,0.09948,0.10101,0.10084,0.09878,0.09738,0.09655,0.09632802761868665,0.09673,0.09952,0.10251302557433574,0.10649,0.11201,0.11776,0.12506,0.21773,0.20871,0.20256,0.19304526303599956,0.18448,0.17650476822716402,0.16875,0.16006,0.15216,0.14468,0.13858537390611989,0.13201,0.12721,0.12057
19-01-2026 15:15,25590.9,0.07844,0.08390915041167633,0.08789698324556582,0.09114,0.09153,0.09184,0.09221,0.09384,0.09699,0.10038,0.10518225701691304,0.11103,0.11673,0.12435,0.21822,0.20996,0.20319,0.19338,0.18560170186373612,0.17701,0.16885739273246125,0.16084632670247906,0.15298874908983437,0.14578926627855263,0.1394,0.1332,0.12822,0.12252
19-01-2026 15:20,25561.25,0.09774603937105027,0.09787,0.09795,0.09701,0.09614,0.09589,0.09593187247708768,0.097,0.10062,0.10386,0.10847,0.11473,0.12088826859142894,0.12719442883156698,0.21484,0.20616,0.19979,0.18962,0.18234,0.17327,0.16539,0.15675323043104447,0.14912,0.1416,0.13589,0.12968,0.12511,0.11944
19-01-2026 15:25,25558.3,0.09554,0.09861,0.09696,0.09634,0.09561,0.09436,0.09406963756349118,0.09501,0.09899,0.10247,0.10776,0.11354344897538238,0.12024,0.12882,0.21267,0.20797,0.19916,0.18901,0.18177,0.17313087856869472,0.16528184868320756,0.1576,0.14997,0.1429285818426009,0.13666,0.13105,0.12566,0.12062
20-01-2026 09:15,25559.3,0.10903473546812402,0.10782,0.10653,0.1045329349734637,0.10309,0.1019,0.1017,0.10278,0.10608,0.10934,0.11398125373880137,0.11965043782919912,0.12594454739309116,0.13346,0.21699,0.20815392808198516,0.19993594369247394,0.1907823819073019,0.18281,0.17515,0.16656751561237182,0.15866,0.15150303761729306,0.14448,0.13891,0.13211,0.12705,0.12128
20-01-2026 09:20,25552.55,0.08464277731039917,0.08687,0.0888593209574423,0.09074440061285144,0.09326,0.09455,0.09615594550087934,0.0986,0.10298,0.10721,0.11258,0.11894366634414906,0.1258,0.1323913906854214,0.21479334894745716,0.20639,0.19842043601149761,0.18967,0.18249,0.17475,0.16647,0.15859,0.15205,0.14559751074406274,0.14001,0.13427,0.12977,0.12469
20-01-2026 09:25,25506.85,0.10561,0.10672,0.10484023068649094,0.10338,0.10249,0.10253,0.10265,0.10513,0.10934,0.11327,0.11882,0.1255,0.13235,0.14021,0.2123,0.20313819780838596,0.19446,0.18606,0.17821,0.17054,0.16225,0.1547,0.14799,0.1406,0.13579,0.13023,0.12526647199834628,0.12043
20-01-2026 09:30,25488.8,0.11948,0.11639,0.11324,0.11045,0.10868,0.10700022425299871,0.10704,0.1092,0.11322,0.11716446829725626,0.1223,0.12869908528849164,0.1357,0.14346,0.21217,0.20230708849831536,0.19305,0.18456,0.17625,0.16882,0.1602929006782868,0.15211,0.14485,0.13766,0.13205149097316085,0.12653,0.12177,0.1169
20-01-2026 09:35,25481.8,0.10608222193019949,0.10612,0.10606,0.10502,0.10486,0.10511194372157494,0.10595615095809921,0.10807,0.11262,0.11688,0.12271327923403567,0.12934,0.13647,0.14437,0.21414,0.20424,0.195,0.18618,0.17789,0.16979,0.16114,0.15299967599134615,0.14609,0.13917,0.1344,0.12895,0.12492,0.12093
20-01-2026 09:40,25461.45,0.1239,0.12095,0.1183,0.115,0.11282,0.1114,0.11103,0.11335506224422474,0.11716,0.12117864992904612,0.12645391667833586,0.1328,0.13963241099450746,0.14751,0.21400557000772316,0.20484,0.19571,0.1865594038287552,0.17786,0.1694,0.16066,0.15234,0.14484,0.13754,0.13193,0.12643,0.121595369953248,0.11715
20-01-2026 09:45,25463.25,0.11886,0.11763,0.11452,0.11234879401926676,0.11093,0.11004,0.10994,0.11251,0.11668,0.12084,0.12636990641166293,0.1327551285558484,0.13976,0.14772,0.21617,0.2068,0.19749,0.18816,0.17992,0.17097,0.16206,0.15357,0.14623,0.13888,0.13332612400519245,0.12791,0.12344,0.11877
20-01-2026 09:50,25462.3,0.10271620910432741,0.10359,0.10437,0.1047,0.10478,0.10524,0.10628,0.10976,0.11486,0.11966,0.12551,0.13248,0.13991,0.14806,0.21566,0.20717,0.19781,0.18861418721500448,0.17986,0.17141,0.16265,0.15482,0.14771,0.14109,0.1358809150684124,0.13128,0.12741,0.1235179810732964
20-01-2026 09:55,25459.95,0.12017,0.11734,0.11509,0.11309,0.11168,0.11066,0.11082,0.11301,0.11729,0.12141,0.12645,0.13352,0.13992,0.1482,0.21354,0.20422051814494355,0.19488,0.18580056969893835,0.17719,0.16798,0.15917,0.15126,0.14375,0.13703,0.1318,0.12653,0.12249404450324139,0.1189
20-01-2026 10:00,25467.2,0.12070935499857656,0.11817,0.11519793441536265,0.11298,0.11161,0.11037440617019938,0.11064,0.11255,0.11632532397568279,0.12051,0.1259643653654944,0.13244,0.13902,0.14695,0.21533,0.2058673802369103,0.19651,0.1877,0.1793,0.17022,0.1615,0.15279,0.14540481492285412,0.13825851238296533,0.13245,0.12718,0.12286,0.11927
20-01-2026 10:05,25465.6,0.12575,0.12217,0.11847,0.1155,0.11323,0.11169,0.11138,0.11299,0.11669,0.12052165177885261,0.12549490697225438,0.13143,0.13808,0.14471315567232573,0.21274,0.20373,0.19436,0.1854,0.17664,0.16787,0.15919,0.15038,0.14302,0.13565,0.1304,0.1248,0.1205,0.11612
20-01-2026 10:10,25484.8,0.1074,0.10682,0.10632,0.10583,0.10569,0.10526,0.10616,0.10868,0.11282,0.11673,0.12245,0.12917,0.13582,0.14245315567232533,0.21481,0.20536,0.19732,0.1883,0.18013,0.17126,0.16273,0.15463,0.14738,0.14062,0.13526,0.13018108781132604,0.12609,0.12151173718202087
20-01-2026 10:15,25468.6,0.12772,0.12327,0.11949,0.11605,0.11314,0.11173,0.11170747864151626,0.11295,0.11646,0.11995,0.12512,0.13105024487922634,0.13793,0.1461,0.21212,0.20321,0.19478819369720274,0.18619,0.17738,0.16858,0.16035,0.15144,0.14432,0.13723,0.1311,0.12532,0.12078,0.11595
20-01-2026 10:20,25485.6,0.11154,0.10884,0.10774,0.10619,0.10572,0.10543028398990073,0.10573,0.10814,0.11168372132208151,0.11595,0.12138,0.12801,0.13389,0.1418,0.21395,0.20507,0.19666,0.18786667994553172,0.17934,0.1703,0.16192,0.15335,0.14566,0.13856,0.13311,0.1275,0.12343,0.11945
20-01-2026 10:25,25487.25,0.10661,0.10795,0.10761,0.10587,0.10469,0.10423,0.10511793939995691,0.10713,0.11101,0.1149,0.12034849239361081,0.12653,0.13305727037018938,0.14058,0.2142600188875809,0.20576,0.19731,0.18871,0.17989,0.1711,0.16216,0.15401,0.14591,0.13922135075918304,0.13349,0.12787,0.12359651970525383,0.11984
20-01-2026 10:30,25478.75,0.11189,0.11147,0.10921,0.10779098180104682,0.10666,0.10647553425680385,0.10728461544235451,0.10901,0.11309,0.11659,0.12183,0.12783,0.13375,0.14165,0.21488,0.20578283115606885,0.1969069109949026,0.18781,0.17961,0.1704467219034048,0.16191,0.15362,0.1457515087033224,0.13855,0.13287,0.12723,0.12353,0.1192
20-01-2026 10:35,25473.7,0.1302357033845819,0.12579,0.12068985292198572,0.1168,0.11332,0.11134,0.11109,0.11231813498659796,0.11489,0.11793,0.12257,0.12839,0.13405,0.14165,0.21389,0.20442,0.19551,0.18693,0.17812,0.1691777907076097,0.16038,0.152,0.14354,0.13617910628139318,0.13003,0.12406,0.11976,0.11477
20-01-2026 10:40,25492.55,0.10672,0.1075,0.10644,0.10503,0.10373,0.10351,0.10445371752699585,0.10662,0.10992611570528013,0.11392,0.11913,0.12533,0.13116,0.13874,0.21694,0.20647,0.1980004806900111,0.18906,0.18062,0.1713734789140454,0.16265,0.1537,0.14615,0.13932,0.1333,0.12777,0.12399,0.11969
20-01-2026 10:45,25480.45,0.11358,0.11198,0.11056,0.10835,0.10654,0.10603,0.10659,0.1086515357381244,0.11211,0.1154,0.12069640080420468,0.12682,0.13267541866711147,0.1398,0.21571,0.2057,0.19716,0.18776,0.17897,0.16961,0.161,0.15226,0.14411,0.13716,0.13185,0.1263580019847643,0.12186,0.11749
20-01-2026 10:50,25478.05,0.10456,0.10493168908261555,0.1052,0.10423,0.10371,0.10367,0.1047,0.10718,0.11123,0.11475,0.1203696705129021,0.12687,0.13248,0.14035,0.21522370648196143,0.20685,0.19856,0.189406274714835,0.18033,0.17134,0.16222,0.15388,0.14507,0.13858,0.133,0.1275,0.12352,0.11934
20-01-2026 10:55,25465.4,0.11001,0.10876352899755565,0.10769301287945594,0.10717,0.10613,0.10588,0.10683,0.1093306851067583,0.11304,0.11638,0.12194,0.12796,0.134221091852554,0.14169,0.21569,0.20598,0.19799,0.18832,0.1795222857333839,0.17018,0.16098,0.15318678650736253,0.1447379350302732,0.13778773859286272,0.13183523982604323,0.12627,0.12217,0.11789
20-01-2026 11:00,25459.55,0.10868,0.10766333234669737,0.10691,0.10551,0.10506,0.10499,0.10609,0.10852,0.11267,0.1165,0.12191,0.1283,0.13487,0.14197,0.21453409414490074,0.2054,0.1964583009646132,0.18736,0.17861,0.16953,0.1604392073655093,0.15227,0.14379,0.13738,0.1317,0.12624,0.12208,0.11829
20-01-2026 11:05,25453.55,0.11082,0.10903,0.10676886704069523,0.10545153396382513,0.10513,0.10492,0.10636778840942025,0.10871,0.11321,0.11702,0.12277,0.12898728003987026,0.13604,0.14342,0.2145661041380652,0.20524,0.19601,0.18708,0.17858,0.16914,0.1602377272321299,0.15090485364485332,0.14305,0.1366,0.13097,0.12559,0.12122,0.11696
20-01-2026 11:10,25452.35,0.112708920776759,0.11093,0.1091,0.10713,0.10583542784825521,0.10565,0.10673,0.10914,0.11382,0.11773,0.12347,0.13009,0.1366,0.14428,0.21249,0.20293,0.19392,0.18522,0.17663,0.1674,0.15857,0.15007798386397062,0.14242,0.13592,0.13029,0.12515263088285222,0.1209,0.1166
20-01-2026 11:15,25445.65,0.12009,0.1149666717023252,0.11068,0.10879,0.10717259608081646,0.10679,0.10767,0.11018,0.11439,0.11865,0.12418,0.13069,0.13729,0.1449,0.21096491314554772,0.20226,0.19364,0.18416,0.17559,0.16621227424165844,0.15732,0.14903,0.14108,0.13454554394506785,0.12892,0.12356,0.11908326417813339,0.11507
20-01-2026 11:20,25449.95,0.11642,0.11418,0.11154,0.10934,0.10777,0.10706316933259191,0.10791,0.11005,0.11411,0.11805,0.12379396787980565,0.13031,0.13678,0.14464,0.21234,0.20231,0.19334,0.18431,0.17548,0.16635,0.15739,0.14889439662194365,0.14115,0.13428,0.12837,0.12298,0.11879,0.11461
20-01-2026 11:25,25447.1,0.12409077671952592,0.1206537425761006,0.11703,0.1135,0.11081,0.10931098224869812,0.10955,0.11127,0.11507,0.11911804934922864,0.12429,0.13025,0.13698,0.14503,0.21107,0.20205,0.1928970606744142,0.18367,0.17454,0.16532031706692882,0.15634,0.14866,0.14012,0.13309,0.12699,0.12143540742189526,0.11676,0.11183
20-01-2026 11:30,25458.7,0.1141883961406207,0.11182,0.10942,0.1076,0.10639,0.10609121618443819,0.10672317691600086,0.10885,0.11285673089543499,0.1172,0.12297,0.12923,0.13594,0.14388,0.21286,0.20392132380086972,0.1952,0.18574,0.17664260915699087,0.16773,0.15875,0.15054,0.14234,0.13524,0.12935,0.12401667156977952,0.11971,0.11532
20-01-2026 11:35,25466.4,0.11355,0.11138,0.10887,0.10647,0.1051,0.10478,0.10551,0.1081807483790879,0.11214,0.11609,0.12192,0.12815532431414778,0.1352,0.14182004531993023,0.2127991414267744,0.20421,0.19568,0.18664,0.17681,0.1678,0.15921,0.15068,0.1423,0.13516,0.12912,0.12373,0.11943,0.11498
20-01-2026 11:40,25461.5,0.12097,0.11597660125549646,0.112,0.10852,0.10679,0.10562,0.1063,0.1084,0.11251,0.11636,0.12252,0.12877,0.13566,0.14361,0.2118316022345292,0.20279,0.19391780635797537,0.18488372143707937,0.17596,0.16727,0.1579,0.14947,0.14098,0.13387476114313834,0.12752523100781663,0.12192,0.11721,0.11247871982236989
20-01-2026 11:45,25463.2,0.12048,0.11557,0.11228,0.10909,0.10714845105014684,0.10589,0.10658533890059235,0.10874120995040924,0.11288074834517237,0.11682,0.12256,0.12889,0.13567,0.14366,0.21245,0.20372765872867024,0.19501,0.18563,0.17653,0.16721,0.15814,0.14927516489359652,0.14123,0.13391,0.12791,0.12175,0.11723,0.11238
20-01-2026 11:50,25474.5,0.11774,0.11478,0.11061316335492498,0.10766,0.10586,0.10456014330855243,0.10512,0.10724,0.11143,0.11565,0.12162,0.12796399322844643,0.1352,0.14297,0.21369,0.20379,0.19501,0.18616,0.17703510270572992,0.16797,0.159,0.15025,0.14193582966806553,0.13440267256552363,0.12763,0.12183629416026727,0.11707,0.11218
20-01-2026 11:55,25481.0,0.10771,0.103,0.10276,0.10132,0.10055,0.10028,0.1020633266805503,0.10492303375516368,0.10935,0.11412,0.12074,0.1275,0.13459,0.14305,0.21783097435742033,0.20796265671675918,0.19835846423747386,0.18858965028605731,0.17896,0.16935,0.16058,0.15217,0.14355,0.13664,0.13013,0.12432,0.12024,0.11575
20-01-2026 12:00,25467.5,0.09915,0.09916,0.09962,0.09945,0.09935,0.09996,0.10205243943537641,0.10515481103332369,0.10965,0.11489,0.12143,0.12857,0.13616,0.14475,0.21327401140520263,0.20503,0.19685,0.18735,0.1778,0.1687,0.15989857929771764,0.15162,0.1434920041379644,0.13623142750940445,0.13011,0.1244,0.12066,0.11678
20-01-2026 12:05,25450.2,0.09507,0.09683,0.09809,0.09795,0.09876,0.09977,0.1022183795689632,0.1057,0.1111,0.11635,0.12323,0.13027,0.13801,0.14649,0.21282,0.20368,0.1954,0.18582,0.17652,0.16785,0.1592,0.15096,0.14268,0.13586468275357313,0.12987,0.12481900625238393,0.1211,0.11695
20-01-2026 12:10,25433.1,0.1132,0.11044,0.10853,0.10653,0.10577,0.10538,0.1068,0.10975,0.1145,0.11952,0.12627,0.13302,0.14059,0.14884,0.213,0.20233,0.19356,0.1843,0.1753009844040408,0.16616,0.15694,0.14942462037278004,0.14156633582570086,0.13465867894546127,0.12823951751305382,0.12232376972455787,0.11718,0.11337
20-01-2026 12:15,25439.15,0.10619,0.10565,0.10435784683377952,0.10336,0.10326,0.10351,0.10532,0.10852,0.11348,0.11845,0.12495,0.13179,0.138923092944359,0.14682,0.2137,0.20348,0.19506,0.18538,0.17628,0.16682285232865465,0.1577,0.14930092133195527,0.14148,0.13493,0.12875,0.1233,0.11796313501994987,0.11243155885170245
20-01-2026 12:20,25436.4,0.10621186901736136,0.10514332196820501,0.10402,0.10292,0.10264,0.10359081933208365,0.10550760609188779,0.1086027287760372,0.11297,0.11805,0.12472,0.13187,0.13929,0.14763,0.21345,0.20345109521460583,0.19406873239577138,0.18444796957568968,0.17538,0.16608,0.15717,0.14894,0.14065,0.13405,0.12774,0.12213,0.1182,0.11411
20-01-2026 12:25,25423.6,0.1208,0.11588,0.11273,0.1099,0.10793,0.10744480621617152,0.10829,0.11071,0.11519175964810942,0.12048,0.12691,0.13422,0.14152,0.14968,0.20952818474546492,0.20144,0.19343,0.18337,0.17426,0.16461,0.15543,0.14757,0.13902,0.13232,0.12569,0.11981,0.11405853921596908,0.10808269584046173
20-01-2026 12:30,25431.55,0.10947,0.10711633537258852,0.10553,0.10408,0.10356,0.10387,0.10576,0.1087,0.11356206539995815,0.11914,0.12623,0.13368,0.14167,0.15026,0.21347606602491898,0.203541428041521,0.19397,0.1843,0.17522,0.16558,0.1569,0.1486,0.14075,0.13438,0.12794,0.12144944853271601,0.11524251096678567,0.10873684731289499
20-01-2026 12:35,25423.05,0.11390097094462037,0.11162,0.10934,0.10708214267086862,0.10628,0.10631715869591027,0.10794175590802194,0.11054,0.11542,0.12063,0.12721078736189445,0.1344526636049843,0.1426,0.15113,0.20957822667430887,0.20148,0.19346,0.18374,0.1740429320662102,0.1649,0.15614,0.14836,0.14033,0.13389,0.12714,0.12128,0.11690271361468968,0.11297
20-01-2026 12:40,25423.5,0.10643,0.10618,0.10520840095580367,0.10452,0.10418,0.1047,0.10697,0.11016,0.11521,0.12093111378515861,0.12754,0.13497,0.14277,0.15133,0.20987896463643285,0.20113,0.19258067694889788,0.18383,0.17468,0.165754120434648,0.15647,0.14846,0.14069793755527463,0.13410052113682924,0.12806,0.12269,0.11854,0.11481
20-01-2026 12:45,25416.4,0.11852,0.11428,0.11149,0.10896,0.10773,0.10729,0.10892,0.11188,0.1167,0.12145,0.12829,0.13531,0.14295,0.1516,0.20835948453962222,0.19996,0.19164,0.18237,0.17329,0.1642710720045645,0.15513514200118633,0.14701,0.13937,0.13277,0.12663,0.12093,0.11667,0.1124033483356758
20-01-2026 12:50,25426.5,0.11311,0.11122,0.10906,0.10681,0.10564349253653944,0.10587,0.10744,0.11062,0.11472797957067389,0.11979,0.12623364083746463,0.13337,0.14056,0.14862,0.21124,0.202,0.1928,0.18391,0.17442725539427076,0.16542,0.15643,0.14851,0.14039,0.13381,0.12721,0.12141,0.1171,0.11314
20-01-2026 12:55,25428.95,0.1147,0.11217,0.10910699896435481,0.10689,0.10592,0.10607,0.10751,0.11028,0.11486,0.11946,0.1261,0.13324,0.14029,0.14881,0.21106,0.20141,0.19312,0.18387,0.17481,0.1652,0.15629,0.14784,0.13991,0.13364,0.12696,0.1214327104022285,0.11649,0.11241
20-01-2026 13:00,25428.55,0.11009,0.10856,0.1069,0.10542,0.1045,0.10516,0.10707225328295425,0.11020178923734557,0.11462,0.11955,0.12619,0.13349,0.14084821828613114,0.14912,0.21205,0.2031133966165457,0.1943,0.18527,0.17570069362993193,0.16656,0.15769,0.14962,0.14138,0.13494,0.12799,0.12204,0.11751,0.11298378090945023
20-01-2026 13:05,25423.7,0.11124,0.10841928813500142,0.10635786817135696,0.10539,0.10439611038616432,0.1048,0.10666,0.1096,0.11432,0.11944,0.12623,0.13368,0.14102,0.14833612309742483,0.21158,0.20228,0.19419,0.18511,0.17544123206925702,0.16629,0.15714,0.14924,0.14094,0.13456,0.12772,0.12216704377711357,0.11728,0.11361
20-01-2026 13:10,25424.7,0.1078,0.10677,0.10565,0.10431,0.10396,0.1043,0.10644,0.10939,0.11402133713886556,0.11943,0.12599,0.13342,0.1409404527039107,0.14945,0.21222,0.20243,0.19394941508746597,0.18492,0.17599,0.16618,0.1577481986619198,0.14959,0.14143,0.1343990952626528,0.12811,0.12231,0.11789147494985983,0.11415
20-01-2026 13:15,25413.05,0.11678543362978924,0.11396,0.11111,0.10903,0.1073,0.10742,0.10895,0.11184,0.1161182707562966,0.12138,0.12783063000323358,0.13515,0.14205,0.15068,0.2115,0.2023761884009279,0.19348,0.18399,0.17438,0.16511,0.15615,0.14777,0.14010695369768225,0.13339,0.12652,0.12101847435384039,0.11617269012429285,0.11188
20-01-2026 13:20,25432.95,0.10549,0.10521,0.10463,0.10332,0.10306,0.10375245292802812,0.10583,0.10895,0.11362,0.11875278770961534,0.125117075616198,0.13176,0.13839,0.14622,0.21272,0.20298,0.19458,0.18595,0.17640231007466622,0.16723,0.15861,0.15051,0.14287857798164807,0.13619,0.12938,0.12385,0.11945838280531898,0.11571
20-01-2026 13:25,25422.0,0.11166,0.11031,0.10826,0.10659,0.10591,0.10591,0.10778473480271354,0.11048,0.11505,0.11937,0.12564,0.13239,0.13918,0.14686,0.21085359293407813,0.20228,0.1938,0.18459122320153956,0.17549,0.16598,0.15731,0.14858,0.14068,0.13386146888821748,0.12769,0.12213,0.11768222173834347,0.1139
20-01-2026 13:30,25415.05,0.10348,0.10326,0.10286,0.10234,0.10244,0.10378,0.10643,0.10968,0.11436404495801542,0.11975,0.12607,0.13332,0.14008,0.14774,0.21187,0.20201,0.19422,0.18470612380225684,0.17533,0.16572,0.15696,0.14927,0.14108,0.1346074592596644,0.12852,0.1233234595815246,0.11927,0.11595
20-01-2026 13:35,25392.3,0.10629,0.10578,0.10436,0.10439,0.10435,0.10572,0.10863629655468465,0.11231,0.11748,0.12272,0.12934,0.13666,0.14399,0.15221,0.21263,0.20288,0.19494,0.18565,0.1764,0.1668,0.15868,0.15101,0.14296,0.13658,0.13079,0.12511,0.12114,0.1171898096099802
20-01-2026 13:40,25365.4,0.1195,0.11614,0.11303,0.11111,0.10982,0.11059,0.11295,0.11636,0.12121,0.1265,0.13288,0.14036,0.14718,0.15527,0.20915919157856105,0.20149,0.19393,0.18288,0.17352,0.16381,0.15514,0.14686,0.1393732732475734,0.13282,0.1262,0.12081,0.11618490495317496,0.11217
20-01-2026 13:45,25372.15,0.11362,0.11193,0.10892,0.10755,0.10657,0.10757,0.11044,0.11415,0.11937,0.12474,0.13185,0.13917,0.14658,0.15474,0.21139,0.20267,0.19400425518938547,0.18461,0.17568,0.16583,0.15737978373610984,0.14928,0.14195417745777658,0.13548,0.12896,0.12333,0.1187,0.11453
20-01-2026 13:50,25364.1,0.1180196783049267,0.11542,0.11198689953736078,0.11015,0.10898,0.10929,0.11172,0.1156,0.12044977738604191,0.12650867367778681,0.13298,0.14043,0.14763,0.15575,0.21097,0.20219,0.1927396974698295,0.1831720079742402,0.17422743236285623,0.16499132331164318,0.15701,0.14837030620058048,0.14016,0.13401,0.12738,0.12171,0.11726,0.11303
20-01-2026 13:55,25368.4,0.11883631090058647,0.11596,0.11222105325185283,0.11014,0.10907457548650128,0.10947,0.11184,0.11536,0.12047,0.12582,0.13258,0.13973,0.14713,0.15527,0.21065,0.20234,0.19506,0.18455,0.17557,0.16568,0.15668753888120301,0.14869,0.14079,0.13478,0.12791,0.1224,0.11736,0.11303
20-01-2026 14:00,25369.7,0.11505123312177627,0.11201,0.10893,0.10744,0.10673,0.10818,0.11086,0.11473,0.12021,0.12584626912413,0.13214,0.1396,0.1468,0.15515,0.21334,0.20365,0.1959,0.18604655837292727,0.1765478108506662,0.16678,0.15798,0.14922,0.14073,0.13489,0.12903294895248807,0.12323366954778062,0.11755501732312407,0.11175539951705656
20-01-2026 14:05,25359.55,0.11386842123325196,0.11154,0.10917,0.10798,0.10734,0.10897,0.11175,0.11592,0.12161,0.12723774108097072,0.13384,0.1413,0.14926567422072007,0.15808,0.21227595086651127,0.20364,0.19509,0.18532,0.17684,0.16732,0.1586,0.14999,0.14228,0.13639,0.12966,0.12411,0.11977,0.11543865237635549
20-01-2026 14:10,25355.15,0.1183,0.11485,0.11245,0.1107402580841722,0.11,0.11108301264422919,0.11373,0.11751,0.12316,0.12873927196867216,0.13536297948534023,0.1427000361689651,0.15054,0.15889,0.21223,0.20319,0.19433093812815494,0.18513,0.17618422891332586,0.16724,0.15862,0.15015706066478868,0.14221,0.13597,0.12932,0.12367892425893566,0.11878618748907858,0.11436
20-01-2026 14:15,25366.45,0.11154659361742941,0.11021,0.10814248998351729,0.10745,0.10704,0.10866,0.11137,0.11521,0.12036446068740933,0.12634,0.13298,0.1402531749026578,0.14814,0.15568402378140367,0.2112464965088497,0.20194,0.19271,0.18407982523246627,0.17576,0.16672,0.15844,0.15071104841308383,0.14298230995475006,0.13675,0.13014,0.12510470688352146,0.12065,0.11665
20-01-2026 14:20,25356.3,0.12201,0.11807,0.11469942821475627,0.11293,0.11176,0.11256034598799454,0.1147,0.11805,0.12277,0.12807,0.13424,0.14166,0.14925,0.15681834217238524,0.21,0.20085,0.1926,0.18335,0.17458,0.16573,0.15718,0.14903,0.14153,0.13538,0.12847,0.12274,0.11845,0.11392
20-01-2026 14:25,25378.65,0.12105,0.117,0.11323653526225269,0.11102,0.10963,0.11063,0.11258,0.1162557601989488,0.121,0.12604,0.13239,0.13931,0.14648,0.15474,0.21293,0.2034,0.19521,0.18608919857997264,0.17705,0.1674,0.15813,0.14975,0.14219645714009252,0.13547,0.12861,0.12265,0.11805,0.11323
20-01-2026 14:30,25385.8,0.11073,0.10874,0.10633330535208374,0.10554467114680775,0.10555,0.10716,0.10979580797236776,0.11346,0.11824648293920811,0.12355,0.13016,0.13685,0.1434662603491822,0.15016567557185242,0.21419,0.20425,0.1956614300072622,0.18659,0.17846,0.169,0.16006,0.15221,0.1449030348637853,0.13853,0.1319,0.12654,0.12214,0.11784
20-01-2026 14:35,25374.45,0.10874,0.10747,0.10589,0.10523,0.10516441496156331,0.10647,0.10924,0.11288,0.11772349777362683,0.1233,0.12981,0.13645290030979168,0.14366,0.1516,0.21543,0.20562,0.19772,0.18902,0.17987,0.1709,0.16238,0.15404,0.14671975296678383,0.14024,0.13376099847263445,0.12795,0.12368,0.11927
20-01-2026 14:40,25356.7,0.11072012678811698,0.10881,0.10683,0.1060367780636262,0.10637,0.1082,0.11121,0.11492,0.12054,0.12572,0.13238,0.1394,0.14656,0.15455,0.2156804052174749,0.20743,0.19928,0.18959,0.18121,0.17213,0.16356,0.1549,0.1474,0.14077,0.13453,0.12876,0.12406,0.11977
20-01-2026 14:45,25345.55,0.11529,0.11294,0.11041,0.10888141105162773,0.10864,0.10987,0.11265,0.11615,0.12121870285783083,0.12730698918403566,0.13376,0.14068,0.14752,0.15514,0.21677,0.20717,0.19801,0.1883,0.17987,0.16997,0.16096,0.15256,0.14509596621242205,0.13852,0.13195,0.12642,0.12178,0.11732
20-01-2026 14:50,25348.5,0.10425,0.10393,0.10305,0.10268535850997851,0.10348,0.10534,0.10893,0.11337605443858734,0.11893,0.12412,0.1315,0.13842,0.14581,0.1543,0.21856,0.20883,0.19919544215392906,0.18946,0.1802640254870485,0.17097,0.16189,0.153,0.14558,0.1391,0.13254,0.12735063005523978,0.12282,0.11796161212393988
20-01-2026 14:55,25335.5,0.09571,0.09742,0.09848,0.09992,0.101,0.10445,0.10817,0.1129,0.118714036970522,0.12474,0.13244,0.13951,0.14673,0.15479,0.21849,0.20863366527151,0.1991507858778229,0.18924838296542953,0.18023,0.16993,0.16071,0.15238,0.14526,0.13876,0.13306,0.12801,0.12455,0.12171
20-01-2026 15:00,25288.25,0.1044,0.10407,0.10406,0.10487,0.10664437703530066,0.10966,0.1139,0.11894,0.1255,0.1318220863153432,0.13907084643959192,0.14653,0.15428988616666484,0.16265,0.2131,0.20251,0.19301,0.18224,0.17393,0.1639,0.15496,0.14722,0.14049,0.13464,0.12899979048859136,0.12433,0.12107,0.11819
20-01-2026 15:05,25289.95,0.09726163290362966,0.09853,0.09973,0.10149,0.10418,0.1078,0.11255,0.11733,0.12391,0.13011179043446222,0.1376571755537909,0.14491,0.15284,0.16084,0.21652,0.20602261445514772,0.19639,0.18535,0.17685,0.16714142831794868,0.15847,0.15071,0.14413,0.13867,0.1335,0.12859,0.12564891254799643,0.12319
20-01-2026 15:10,25245.35,0.09945,0.10059345871283777,0.10242490501686134,0.10516,0.1089,0.11311,0.11855,0.12419247573039219,0.13062,0.13702116180134344,0.1442,0.15119,0.15931,0.16759,0.21653,0.2042,0.19461,0.18401,0.17462,0.16555618864525867,0.1576,0.15086,0.14497,0.14046,0.13613,0.13301,0.13092,0.12882597526165784
20-01-2026 15:15,25238.75,0.10515,0.10596,0.10699,0.10871,0.11216,0.11606311836583665,0.12091,0.1263395410764268,0.13263736188591782,0.13918,0.14639786880506214,0.15373,0.16161,0.16897,0.22738,0.21506,0.2037902937305464,0.19277,0.18195376498962154,0.17182,0.16316,0.15525591428129307,0.14824,0.14265,0.13740220600745204,0.13321,0.1285778135609792,0.12383315273488626
20-01-2026 15:20,25191.85,0.12125,0.11886,0.11737,0.11791990343657437,0.11975,0.122780098938854,0.12685,0.13185,0.13761,0.14411,0.15051,0.15709,0.16442663210891528,0.17198,0.2182558415468677,0.20918,0.20017,0.18901,0.17915386916777848,0.16855,0.15906,0.15049231508457656,0.14289,0.13612,0.13026,0.12498,0.12099,0.11734
20-01-2026 15:25,25185.2,0.1356323479793913,0.1327710686041983,0.1297,0.12673,0.12581,0.12786,0.12951,0.13383970548405347,0.13935,0.14396,0.15072636883133553,0.15751,0.16495,0.17189,0.22111938456340552,0.2088,0.19656,0.18717,0.17528,0.16647,0.15823,0.15255,0.14239,0.1339,0.12805,0.12057,0.11524,0.10991706253750742
21-01-2026 09:15,25171.75,0.15880698533900825,0.15294,0.14598831799522333,0.14119,0.13853,0.13825,0.1395,0.14250507206852303,0.14727,0.15271,0.15911577695511891,0.16575,0.17272,0.18004,0.22163,0.21205,0.20214,0.19239,0.18253,0.17277,0.16299,0.15324,0.14406,0.13532,0.12661,0.11838,0.11024,0.10135
21-01-2026 09:20,25204.0,0.14489,0.13684,0.13149,0.12897,0.12792,0.12825,0.13111,0.13522,0.14083,0.14681,0.15371,0.16135,0.16841,0.17651,0.22981,0.21925720228669165,0.20887,0.19878,0.18866,0.17865916386534172,0.1683777407890276,0.15893,0.14964,0.14123,0.13293,0.12507,0.11766,0.11031
21-01-2026 09:25,25249.5,0.11239,0.10981272364335849,0.10841,0.1092,0.11070516116730618,0.11359,0.11823505432163385,0.124,0.13056,0.1378,0.14569,0.15395,0.16214,0.16992,0.23932,0.22872,0.21863927542523404,0.20844,0.19844,0.18796814192182595,0.178077498268247,0.16883,0.15985,0.15212,0.14385,0.13775,0.1322,0.12665173095098792
21-01-2026 09:30,25231.8,0.13669,0.12932023671236534,0.12412,0.12087,0.12038,0.12167424795852656,0.12475,0.12956,0.13608,0.14246,0.15005,0.15783,0.16532,0.17285,0.23551997499623337,0.22497554628662347,0.21466320404951353,0.20422,0.19388,0.18338,0.1729515755748381,0.16297,0.15255,0.14322,0.13429,0.12583,0.11875,0.11057
21-01-2026 09:35,25229.95,0.1082239703606864,0.108393838418953,0.10846,0.10857,0.11036550127103589,0.11357,0.11819,0.12409,0.1309,0.13852,0.14711486208174385,0.1555,0.16438,0.17241,0.2393,0.228259796323414,0.21739,0.20703,0.19673006436824658,0.18647,0.1758,0.16575,0.15633,0.14788,0.13944,0.13261,0.12591,0.12057
21-01-2026 09:40,25195.85,0.1273792162066864,0.12386,0.12034,0.11914,0.11944,0.12178,0.12572,0.13114261990393394,0.13744,0.14442,0.15206,0.15955317980012942,0.16774264801961153,0.17625,0.23126,0.22039,0.20921,0.19894,0.18912,0.17868,0.1679383149751451,0.15788,0.14814,0.13936,0.13038,0.12255,0.11511,0.10767574884853014
21-01-2026 09:45,25195.8,0.12576858254166706,0.12241,0.11905,0.11758,0.11855914003789336,0.12115,0.12508,0.13066,0.13671450471161833,0.14369,0.15164,0.15936284357596472,0.16779,0.17631,0.23030186671300615,0.21955,0.20885,0.19850767478476297,0.18822,0.17803,0.16764317433709816,0.15791,0.14843,0.1399,0.1314,0.12326,0.11657,0.10994
21-01-2026 09:50,25185.15,0.12236,0.11795,0.11578821016710572,0.11528,0.11674779948060791,0.11966,0.1244221112406647,0.1304,0.13697,0.14439,0.15238,0.16083,0.16916,0.17729,0.22539,0.21541,0.20434,0.19499,0.18528,0.17565,0.16525,0.15601,0.1469,0.13841824133769667,0.13028,0.12298995344598114,0.11641,0.11009
21-01-2026 09:55,25177.9,0.11379,0.11152,0.110680570195887,0.11141,0.11346,0.11718,0.12215,0.1284,0.13536799038861919,0.14299920066120697,0.15149067919393755,0.16066,0.16945,0.17818328925513557,0.22504,0.21521,0.20467,0.19517871701309197,0.18558435202740406,0.17627,0.16669085996086258,0.1575,0.14867,0.14081,0.13336859586915537,0.12667,0.12103,0.1157
21-01-2026 10:00,25151.55,0.12546,0.12150678971671029,0.11922884857529185,0.11892,0.11961,0.12284,0.12739,0.13308,0.13961,0.14673,0.15487,0.16346,0.17209,0.18066389417151277,0.22193,0.21176,0.2015809051123193,0.19167,0.18148,0.1718,0.16211,0.15239,0.14399,0.13558,0.12784,0.12142,0.1147669656692607,0.10876
21-01-2026 10:05,25168.3,0.11653128345124009,0.11538,0.11423,0.11445,0.11636603921435816,0.12038076777243648,0.1251607064733072,0.13075,0.13746,0.14494,0.15349,0.16138,0.16973,0.17714,0.22286,0.21264,0.20243,0.19279,0.18268,0.17313,0.16324,0.1546,0.1458,0.13816,0.13112,0.12476,0.11912,0.11439
21-01-2026 10:10,25142.55,0.12749,0.12315,0.12023,0.12039,0.12189,0.12482,0.12944905545470897,0.13563,0.14202,0.1499284866982522,0.15767,0.16529,0.17225,0.18029,0.21797,0.20761,0.19751309787672205,0.18776,0.17788,0.16848,0.1588387789212848,0.14989,0.14065,0.13289,0.12515,0.11804,0.11153,0.10527
21-01-2026 10:15,25145.8,0.12333,0.11947,0.1175,0.11760427976996467,0.11928,0.12282,0.12764,0.13377,0.1409,0.14881772573567303,0.15653,0.16493,0.1719,0.17995,0.22032,0.21,0.19984919371882964,0.18993,0.17995046778764973,0.17012,0.16051,0.15119745449949018,0.14242019596770306,0.13445,0.12696,0.1204,0.11402,0.1085
21-01-2026 10:20,25143.35,0.1079,0.10745,0.1083,0.11044,0.11423,0.11930356032465551,0.1254,0.13227,0.14021,0.14801,0.15664,0.16499,0.17225,0.18071,0.22032,0.21089,0.20145,0.19248,0.18309,0.17442,0.16525,0.15763,0.14974,0.14271,0.13565,0.13077,0.12584,0.12255
21-01-2026 10:25,25100.4,0.12159,0.11908,0.11899,0.1201,0.12283,0.12707340826132177,0.13228,0.13878,0.14571,0.15384,0.16230729044890438,0.17048,0.17831,0.18593,0.21872,0.2089,0.19884,0.18907,0.17952,0.16987203043453414,0.16056,0.15206,0.1438,0.13602,0.12931,0.12317,0.11780409151282645,0.11316
21-01-2026 10:30,25093.35,0.12125657464915295,0.12031,0.11937,0.12075,0.12372,0.1282,0.13354,0.1398876544006044,0.14693,0.15483,0.16325,0.17059855621594938,0.1783928990347041,0.18642,0.21712,0.2065,0.19696,0.18695,0.17724569425429787,0.1679,0.1584,0.14965,0.1415,0.13400261541624336,0.12679760594344114,0.12053,0.11435,0.10948
21-01-2026 10:35,25094.5,0.11848,0.1171,0.11731,0.11944947125922452,0.12260444285527812,0.12727,0.13292471053071037,0.13996317221513108,0.147,0.15472,0.16342,0.17133,0.17914,0.18757,0.2166,0.20606,0.19642,0.18667,0.17674,0.16751,0.1584660730801226,0.15015,0.14241,0.13525,0.12902,0.12337,0.11888,0.11441308736174523
21-01-2026 10:40,25076.8,0.10930276299415212,0.1126,0.1153797262686525,0.11919,0.12378,0.12957,0.13582,0.14283,0.14989,0.15783,0.16683,0.17500214169960937,0.18316,0.19098,0.21921,0.21009,0.20117,0.19196,0.18338601534513244,0.1754,0.16699,0.16,0.15276,0.14706,0.1420184275050145,0.13814,0.13602,0.13435
21-01-2026 10:45,25011.65,0.12991,0.12886,0.12996,0.13271,0.13656,0.14175653050892237,0.1476,0.15431,0.16135,0.16871,0.17751,0.18442,0.19124867077769267,0.1981701409086799,0.2134,0.20348,0.19441,0.18465,0.17497,0.1664,0.15781,0.14998,0.14243,0.13582839448120085,0.12976949352929434,0.1243,0.11945,0.11484
21-01-2026 10:50,25009.05,0.1201,0.12206,0.12552255321991546,0.1298,0.13479,0.1408620026397173,0.14727,0.154542119184919,0.16232,0.16956,0.17816,0.18631,0.1939354314613731,0.20172,0.22256,0.21319,0.20412,0.1948478204362283,0.18603,0.17795056244083213,0.16947457536953672,0.1620686877328281,0.15621,0.1511,0.1474,0.14463,0.14192,0.14173
21-01-2026 10:55,24957.3,0.14328,0.14170888489281233,0.14171,0.14384,0.14722,0.1518,0.157,0.1630132631864441,0.16965,0.17684,0.1845606851009003,0.19209,0.19924,0.20689,0.22052,0.21052058577769245,0.20088,0.19093,0.18127,0.17213706212134944,0.16314,0.1544,0.14602,0.13843,0.13070769141911373,0.1235,0.11604552176248863,0.10870186071342232
21-01-2026 11:00,24996.3,0.1347,0.13425547297076476,0.13532,0.13812,0.14231,0.14755,0.15363,0.16007,0.16697,0.17401,0.18197,0.18865,0.19583,0.20379,0.22455,0.21423,0.20379389988949845,0.19389,0.18403,0.17508998518259342,0.16654,0.15824,0.15058937885331974,0.14372,0.13750742472602256,0.13204,0.12724,0.1224715811618835
21-01-2026 11:05,24985.75,0.13633777302670572,0.13763,0.13894,0.14137,0.1458,0.15085,0.1568,0.16288,0.16942,0.17636,0.18417,0.19065,0.19721,0.20514,0.2196,0.20915,0.19827098695057568,0.18793151423759694,0.17801,0.16867,0.15973437636553217,0.15128,0.14394,0.13636,0.12993,0.12302,0.11765936923549572,0.11277
21-01-2026 11:10,25017.2,0.13741019412444005,0.1388064380282978,0.14029,0.14122535133143527,0.14317,0.14704,0.15151,0.15717751803814747,0.16355,0.1705253869570463,0.1778,0.18489,0.1916,0.19977,0.22119,0.21052,0.20085,0.19069,0.18073,0.17053,0.1613,0.15209,0.1432,0.13358,0.1256236359171201,0.11749,0.11042,0.10185
21-01-2026 11:15,25046.1,0.14397,0.14016,0.13879252823029786,0.13908,0.14103,0.14436,0.14881,0.15391,0.15965,0.16606,0.17377,0.18004,0.18735,0.1947,0.22158,0.21124,0.20104,0.19101,0.18117,0.17139271073727044,0.16191,0.15273,0.14403,0.13539,0.12731,0.12038,0.11276,0.10515499744955636
21-01-2026 11:20,25060.3,0.13169,0.12981,0.1297,0.13102,0.13391,0.13809,0.14339035430086314,0.14952,0.15600232116731033,0.16282299902734146,0.17068,0.17767,0.18451940099877076,0.19161512168166608,0.22501,0.21545819609749578,0.20584,0.19596,0.18562,0.17611,0.16717,0.1585,0.14967,0.14173,0.13515,0.12908,0.12283,0.11697
21-01-2026 11:25,25041.3,0.12924,0.12753,0.12769,0.12964,0.13366,0.13824,0.14359,0.14983,0.15679,0.16395,0.17192,0.1789,0.18698,0.19456,0.22775,0.21815,0.20868,0.19892,0.18899,0.17966,0.17054,0.1622,0.1542674156089284,0.14682,0.139628897258211,0.13311,0.12778,0.123
21-01-2026 11:30,25041.05,0.13283,0.13058,0.13048931388925047,0.13195,0.13501,0.13941,0.14464460153076958,0.15084,0.15779691604261192,0.16494,0.1728,0.17992,0.18742,0.19492474410681818,0.22611,0.21614693355174455,0.20643692807081576,0.19683055830298715,0.18746,0.17814,0.1689860941057036,0.16022,0.15174,0.1437,0.13617,0.12995,0.12374,0.1176
21-01-2026 11:35,25049.35,0.13118,0.12936,0.12957,0.13118,0.13391,0.13844,0.14389,0.14995,0.15668,0.16393891412457537,0.17176,0.1790018983870841,0.18645,0.19453,0.22696,0.21722260949042324,0.20769,0.19761,0.18773,0.17863,0.16983,0.16134,0.15299097636221887,0.14528,0.13856,0.13231,0.12686,0.12162
21-01-2026 11:40,25042.9,0.13229738973764193,0.13186,0.13145,0.13247,0.13537,0.1397162008352265,0.14483,0.1505,0.15708,0.16411,0.17186,0.17917,0.18658,0.19412,0.22612,0.21626,0.20649,0.19653,0.18629,0.177,0.16772,0.15908,0.15079,0.14328,0.1362161434332238,0.12979,0.12372,0.11766268500150075
21-01-2026 11:45,25045.15,0.13193487546430585,0.13206,0.13153206962395575,0.13236,0.13523,0.13924,0.14427,0.1499,0.15644,0.16362,0.17162,0.1783,0.18635,0.1939,0.22687,0.21664,0.20673,0.19655,0.18659,0.17713,0.16783,0.15919,0.15078663324323796,0.14292,0.13557,0.12887,0.12235,0.11584448141346709
21-01-2026 11:50,25057.75,0.13374,0.13061,0.12978,0.1313,0.13417,0.13801,0.1433,0.14884,0.15563,0.16264,0.17054,0.17769,0.18521,0.19285,0.22699,0.217,0.20679187098478533,0.1968192095757138,0.18704,0.1773406404273214,0.16813,0.15925,0.15112,0.14337,0.13526,0.12839,0.12245,0.11627
21-01-2026 11:55,25064.55,0.13047,0.1286,0.12848,0.12994,0.13295,0.13718,0.14238,0.14817,0.15471,0.16176,0.1697,0.17657,0.18406,0.19166,0.22742,0.21717,0.2071926200816134,0.19738,0.18712,0.17786,0.16849,0.15966,0.1513251075960455,0.14354401579580756,0.13634,0.1297789429886311,0.12378,0.11829
21-01-2026 12:00,25081.9,0.14194,0.13712,0.13497,0.13424,0.13554260883177607,0.13853,0.14254,0.14749964338548446,0.15337,0.15944,0.16694,0.17378,0.18123,0.18878,0.225,0.21461,0.2048,0.1945560862033485,0.18415776994920952,0.17414,0.16427,0.15487,0.14552,0.13685505245163,0.12873833755473726,0.1206,0.11306,0.10483
21-01-2026 12:05,25117.2,0.12873,0.12563,0.12408,0.1249623100041227,0.12718,0.13056,0.1351,0.14051,0.14695,0.15358,0.16083629525950302,0.16809,0.17581,0.18372,0.22804173467738312,0.21847,0.20894,0.19903256209547784,0.18906,0.17998,0.17017,0.16139,0.15266,0.14483,0.13702,0.13023,0.12375,0.11802
21-01-2026 12:10,25113.35,0.13919,0.13376,0.13116,0.13082,0.13145,0.13404,0.13797,0.14308785529143017,0.14912,0.15502,0.16263,0.16926,0.17671,0.1841477116186057,0.22408,0.21377,0.20384,0.19379781792534834,0.1837685128429445,0.17402,0.16463,0.15525,0.14665,0.13796,0.12963,0.12258,0.11488230644476377,0.10767
21-01-2026 12:15,25129.25,0.14212,0.13645,0.13307714035723683,0.13138,0.13217,0.1345021709322079,0.13796,0.14234,0.1479,0.15374,0.16084,0.16697,0.17331,0.18063,0.225504118254239,0.2158,0.20614,0.19586,0.18537036406595836,0.17534,0.1656,0.15635,0.14722,0.13817,0.13001,0.12186,0.11408,0.10638
21-01-2026 12:20,25163.0,0.13704,0.13153,0.12847679558123595,0.12705,0.12791252270836076,0.1304631750611848,0.13361,0.13822,0.14354,0.14955,0.15667,0.16297172403489038,0.16958,0.17664,0.23038,0.22027,0.21058,0.20048,0.1905837428082652,0.18101,0.17114,0.162,0.15272,0.14432,0.13626,0.1279,0.12064337654316258,0.11349
21-01-2026 12:25,25166.9,0.11646,0.11482,0.11454,0.11565,0.11826,0.12227944049962743,0.12722,0.13303,0.13967,0.14655,0.15443,0.16135,0.16878,0.17621019298384685,0.23888,0.22894,0.21917168135521176,0.20945,0.19993,0.19064,0.18145,0.17287987832462953,0.16428702988852217,0.15632311608447869,0.14943,0.14255,0.13679,0.132
21-01-2026 12:30,25153.65,0.14411,0.13743220135615042,0.13294,0.13066,0.13051,0.13202,0.13525113090295296,0.13924,0.14482,0.1501,0.15725,0.16402,0.17046,0.17743,0.23409,0.22385,0.21446,0.20452051520396622,0.19458560663883573,0.18477,0.17467,0.16519,0.15566,0.14664,0.13804,0.12914,0.12071,0.11267
21-01-2026 12:35,25191.3,0.1472,0.14047,0.13539,0.13212,0.13155465923138845,0.13255,0.13494,0.13883,0.14335,0.14828,0.15471,0.16102,0.16720323614773291,0.17383,0.2341,0.2241,0.21431471043052486,0.20449814634103025,0.19469,0.18542,0.17552,0.16609,0.15689,0.14758,0.13896,0.13075,0.12259,0.11461
21-01-2026 12:40,25225.6,0.13387113794940123,0.1311,0.12755774198247202,0.12561,0.12506,0.1262,0.12875,0.13255568750690583,0.13711,0.14219,0.14804,0.15492,0.16058,0.16847,0.24091,0.23056,0.22149,0.21174,0.20221,0.19333,0.18365,0.17493569806946466,0.16626,0.15769457896438888,0.1495808218067545,0.14166,0.13429,0.1274
21-01-2026 12:45,25260.15,0.14866,0.14085483790917766,0.13502,0.13106,0.12889,0.12878,0.13056919487960653,0.13345,0.13754,0.14228,0.1476664602615151,0.15331,0.15916,0.16562,0.24413222211517982,0.23445,0.22483,0.21557,0.20544,0.19649,0.1868759248192818,0.17763,0.16816,0.15944,0.15062,0.14206,0.13387,0.12606
21-01-2026 12:50,25266.0,0.149422798213364,0.14299,0.13659,0.13260492835032223,0.13030712476028694,0.12986,0.13099,0.13379,0.1377,0.1423,0.14736,0.15339,0.15914,0.16617,0.2473502933883664,0.23813,0.22897,0.2194436798857833,0.2098,0.20057,0.19091,0.182,0.17238,0.16351,0.15473,0.14632,0.13756,0.12958
21-01-2026 12:55,25281.8,0.13917,0.13327597933566787,0.12890744634023216,0.12593,0.12479201275143158,0.12504734272513862,0.12774577970879716,0.13046744227575222,0.13403,0.13891,0.14462,0.15084,0.15753,0.16422566671402272,0.25027,0.24056,0.23144,0.22236,0.2125,0.20318,0.19394,0.18479,0.17522,0.16673,0.15789,0.14926,0.14108,0.13375
21-01-2026 13:00,25281.3,0.13807,0.13319,0.12776,0.12551,0.12366,0.12413,0.12643,0.12955,0.13415,0.1395278113392345,0.14535,0.15225,0.1586,0.16594,0.25099,0.2412,0.23143,0.22218,0.21278,0.20316,0.19335,0.18437,0.17517498577657675,0.1663128299902378,0.15764,0.14886,0.14094,0.13318
21-01-2026 13:05,25288.85,0.12164,0.11875,0.11667,0.11569,0.11619287928802886,0.11798,0.1212,0.12532,0.13069,0.13647,0.14268,0.14951392841019032,0.1565695989846346,0.16431,0.25172488115496916,0.24234687329442936,0.23312,0.22390633731725185,0.21469,0.20515,0.19551,0.18666,0.17799,0.1693,0.16109,0.15329,0.14588,0.13943
21-01-2026 13:10,25221.5,0.14555,0.13388,0.13292,0.12941,0.12723,0.12818,0.1300605980670176,0.13326,0.13677,0.14244,0.14902953060654905,0.15601,0.16247,0.17012,0.24334,0.23292,0.22424,0.21525,0.20452,0.19612,0.18546,0.17645,0.16852,0.15804,0.14967,0.14177,0.13249,0.12413
21-01-2026 13:15,25225.05,0.1338,0.12896,0.12539904077580802,0.12326,0.1228,0.12402,0.12685177529505723,0.13065,0.13568,0.14121,0.14793,0.15501,0.16172,0.16931,0.24435,0.23512,0.22589,0.21678,0.20749,0.19819,0.1888682497213168,0.18004,0.1711,0.1628,0.15452,0.14636,0.13888,0.13236
21-01-2026 13:20,25225.7,0.12872,0.12486,0.12220938508256159,0.12081,0.12085,0.12246,0.12556,0.12964,0.13486,0.14077,0.1475889454684697,0.15468,0.16132,0.16885,0.24570596712804346,0.23664393946549198,0.22782,0.21895,0.20902,0.19978,0.19047,0.18129,0.17264228112586755,0.16424,0.15601507464352188,0.14833,0.14156,0.13545
21-01-2026 13:25,25205.25,0.13322604064543986,0.1299,0.12663,0.12487,0.12494,0.12625179391474925,0.1291,0.13326,0.13833714666459115,0.14405,0.15016,0.15717914279524633,0.16463,0.17223,0.24316,0.2337,0.22373,0.21445,0.20455882978003898,0.1949298227208191,0.18538,0.17635,0.16764,0.15913,0.1512,0.1438009133533119,0.13680487923766557,0.1304
21-01-2026 13:30,25215.7,0.11277656403875343,0.11319190354187272,0.11384,0.11439,0.11611,0.11898,0.12300292654592147,0.12793,0.13384,0.14041,0.14736625201495224,0.15485982294296682,0.16265,0.17059,0.24707,0.23815,0.228558196520883,0.21911,0.20948,0.20028,0.1911023977221279,0.18238,0.17411,0.16604,0.15871,0.15219,0.14655,0.14146
21-01-2026 13:35,25182.35,0.14827,0.13934,0.13698,0.1338,0.13289,0.13224,0.1344245329147314,0.1378,0.1423,0.14773,0.15379,0.16033681768349187,0.16719,0.17421,0.23716925848398512,0.22763,0.21803115618581437,0.20869,0.1986,0.18997,0.18004,0.17157,0.16251,0.15366786807879665,0.1451836454143871,0.13646,0.12972,0.12058
21-01-2026 13:40,25193.1,0.13324,0.12846629231403214,0.1257,0.12472,0.12518,0.12695,0.12986630816071779,0.13381,0.13901,0.14486,0.1512255613702854,0.1581,0.16516,0.17297,0.24104,0.23161,0.22252,0.21314,0.20345,0.19387,0.18456,0.17598,0.16732981294637336,0.15902,0.15123468704614565,0.14393,0.13706,0.13075
21-01-2026 13:45,25192.95,0.13211,0.12832,0.12552488580630716,0.12411,0.12448,0.12634,0.12935,0.13357598350877972,0.13859,0.14451,0.15095,0.15785,0.16523,0.17348,0.24175,0.23225,0.22274,0.21318,0.20349,0.19378,0.18417,0.17565,0.16677,0.15838,0.1506001279578887,0.14335,0.13649,0.13029
21-01-2026 13:50,25179.95,0.12507,0.1225,0.12106,0.12096,0.12254,0.12493,0.12858,0.13335,0.13902,0.14542563757801225,0.15218,0.15955,0.16688,0.1742,0.2418,0.23224,0.22298,0.21312,0.20354,0.19431,0.18498,0.1767,0.16826,0.1603,0.15311,0.14644,0.14051,0.13459354650485136
21-01-2026 13:55,25164.25,0.12508,0.1227,0.12142,0.12186615936094805,0.12362,0.12614886069822917,0.12986,0.13471,0.14081,0.14683,0.15375,0.16127,0.16886,0.17614,0.24014,0.23066,0.2216,0.21187,0.20207,0.19280020763948139,0.18343937077772576,0.17487,0.16677,0.15894,0.15212,0.14506,0.13935,0.13429
21-01-2026 14:00,25141.15,0.1314562382730655,0.12917,0.12692,0.12689,0.12849,0.1309,0.13466,0.13925,0.14488,0.15069,0.15765,0.16457,0.17215,0.17942,0.23334415372853146,0.2242,0.21511,0.2058,0.19580657138425853,0.18634,0.17715,0.16852,0.16040408638449324,0.15275,0.14567,0.139,0.13278784811114847,0.12701
21-01-2026 14:05,25151.55,0.12298,0.12147,0.11974460551313681,0.11955,0.12101,0.12406,0.12791,0.13284,0.13906,0.1455254564667896,0.15267,0.1606,0.16894,0.17723611633551623,0.23437,0.22453,0.21563,0.20635,0.19667,0.18761,0.17836,0.1696294528823469,0.16148,0.15407,0.14726,0.14125,0.13584862819602858,0.1311
21-01-2026 14:10,25141.05,0.12191998312889452,0.12105,0.12018,0.12055,0.12248,0.12586,0.12964,0.13475,0.14073071026359982,0.14735,0.15495,0.16301,0.17105650978581982,0.1790261139675165,0.23095,0.2211,0.21151316610312346,0.20210216598936545,0.19295,0.18376,0.17456495403551872,0.1661306874488424,0.15815,0.15046,0.14392,0.1377,0.132421352259697,0.12778
21-01-2026 14:15,25139.05,0.14051,0.13525,0.13151449050576064,0.12945,0.12981,0.13115,0.13383981097269218,0.13773,0.14279,0.1483937181094745,0.15467,0.16227,0.16974,0.17697,0.22544,0.21577,0.20643,0.19658,0.18674,0.17739,0.16786,0.15897,0.15036,0.14202826108606775,0.13421,0.12632,0.11937,0.11216
21-01-2026 14:20,25178.3,0.11136174300498237,0.11156,0.11175,0.11306,0.1159541546206726,0.11962,0.12405,0.12924,0.13577,0.1421272922181408,0.14905,0.15704,0.165,0.1729023464696956,0.23348,0.22449,0.21518743921339686,0.20603,0.1965,0.18728212420302046,0.17844,0.17048,0.16261,0.15542959674388399,0.14925,0.14362,0.13928,0.13574
21-01-2026 14:25,25144.75,0.11203,0.11192,0.1129,0.11453,0.11751,0.12133,0.12644,0.13201,0.13842,0.14552,0.15314,0.16094,0.16956,0.1781198511896377,0.22976,0.22093628730382875,0.21204,0.20324,0.19409,0.18498,0.17631,0.16855,0.16094,0.154,0.14820664584838666,0.14289590873753305,0.13846,0.13331679646137126
21-01-2026 14:30,25130.1,0.13250836824719928,0.13128403915561995,0.13004,0.12881,0.12961,0.13109,0.13442,0.13863,0.14401,0.14972,0.15656,0.16349649485776838,0.17098,0.17869,0.22543,0.21582,0.20649,0.19662,0.18686,0.17739,0.16792,0.15888735863913725,0.15003775390797128,0.1418,0.13413518148053835,0.12673,0.11991,0.11289
21-01-2026 14:35,25146.5,0.12798185279300742,0.12594,0.1239,0.12393,0.12532,0.12787,0.13143176142929056,0.13605,0.1419,0.14806530604466037,0.15477,0.16188,0.16945,0.17727,0.22669,0.21725,0.20771,0.19788,0.18789240291850964,0.17837,0.16959,0.1609,0.1526,0.14490583903972326,0.13787166346948815,0.13126,0.12538,0.11950787526454874
21-01-2026 14:40,25152.35,0.11897910008314015,0.11893,0.11832135547938137,0.11882,0.12084,0.12401,0.12818175782957641,0.13315,0.13905,0.14561,0.15274685179496444,0.16013,0.16837,0.17615,0.22728,0.21766,0.20846515553614534,0.1993,0.19001110098710672,0.18086,0.17211,0.1641803242660842,0.15633808292596116,0.14935170182985888,0.14301,0.13732,0.13209,0.1268652804472638
21-01-2026 14:45,25149.7,0.12554,0.12304,0.12176418290294984,0.12183,0.1233,0.126,0.12989,0.13465704297764763,0.14041,0.146733037985124,0.15357,0.16122,0.16874,0.17748,0.22466,0.21461,0.20589,0.19637,0.187,0.17806,0.16955,0.1615500600129626,0.15405,0.14697,0.14065,0.1347,0.12959,0.12474
21-01-2026 14:50,25153.5,0.11595558785116307,0.11709959728815987,0.1182,0.11873252381291145,0.12042,0.12336,0.12741601336079658,0.13215,0.13819,0.14432,0.15163,0.15904243136045024,0.16705,0.17562,0.22362,0.21406624240276922,0.20483,0.19536,0.18592,0.17725,0.16877,0.16103,0.15363,0.14652,0.1403,0.13464693410626158,0.12976,0.12525
21-01-2026 14:55,25147.1,0.12119,0.11948819962106441,0.1192,0.11878,0.12095,0.12361116823654274,0.12738,0.13253,0.13854,0.14532996234914355,0.1525,0.16021,0.16788,0.17644,0.226,0.21577,0.20664,0.19663,0.1869523894872654,0.17788,0.16911,0.16108,0.1528,0.146,0.13932,0.1337,0.12836,0.12385
21-01-2026 15:00,25160.2,0.12951945711515925,0.12777310387837268,0.12599,0.12423,0.12468869361176341,0.12612,0.1293,0.13273,0.13886,0.14424,0.15146,0.15934,0.16676471611809845,0.17493,0.22462,0.2145267603014431,0.20482,0.19454610159945196,0.18445,0.17483,0.16566,0.15679281420133573,0.1482,0.1406,0.13350104522579204,0.1271,0.1206269311416432,0.11472
21-01-2026 15:05,25171.7,0.11706,0.11539,0.1148,0.11552,0.11721,0.12017,0.1241,0.12894,0.13536,0.14201,0.1497819647418391,0.15794,0.16584,0.17458,0.22647,0.21712,0.20732,0.19776,0.18797,0.17880537378829767,0.17025,0.16227,0.15494,0.14792,0.14197,0.13652,0.13194,0.12736222695491298
21-01-2026 15:10,25159.7,0.11404,0.11283,0.11313,0.11384,0.11659,0.11991301080802821,0.12465311514825336,0.12995370655449925,0.1363,0.14291,0.15131,0.1595,0.16735,0.17516475715427948,0.22813,0.21813,0.20858,0.19826,0.18875,0.1795072878457966,0.17086,0.16286089159845366,0.15517824614555706,0.14858,0.14238,0.13678,0.1328,0.12917
21-01-2026 15:15,25148.5,0.11673174511922137,0.1168352339124471,0.11692,0.11701,0.1190740536407483,0.12193751951329584,0.12587,0.13076084917079717,0.13709,0.14341,0.15222916342053186,0.16095,0.16919,0.17746,0.22618,0.21597,0.20606,0.19582,0.18636540283588005,0.17715373452098732,0.16852,0.16038,0.1526,0.14546,0.13924344378294062,0.13370329638177522,0.12898,0.12484
21-01-2026 15:20,25154.25,0.11111,0.11098,0.11113606689753748,0.1123,0.1148671337500673,0.1183,0.12263,0.12762,0.13529,0.14189,0.15119,0.15955,0.16812,0.17634,0.22271603993735134,0.21398,0.20528,0.19525,0.18665,0.17793,0.16939,0.16151,0.15378,0.14632,0.14026032787772752,0.13498,0.1309,0.1268193596757785
21-01-2026 15:25,25150.7,0.12111,0.11857,0.11712,0.11677,0.1183,0.12103,0.12473,0.12919,0.13625,0.14187,0.1504034340094553,0.15893,0.16642,0.17481,0.22109027475057186,0.21134,0.20163,0.19141,0.18128292892862818,0.17105,0.16232,0.1531311816197529,0.14483,0.13698,0.13017532260605733,0.12394,0.11898,0.11402287265917972
22-01-2026 09:15,25332.45,0.10473,0.10424794811615298,0.10454,0.10521,0.10684,0.10947,0.11372,0.11836,0.12544,0.13242,0.14014,0.14997,0.15905,0.16873,0.24621367098691757,0.23565,0.22513,0.21365,0.20268,0.19258,0.1816,0.17114,0.16105,0.15211,0.14424,0.13698,0.13113,0.12528642556284683
22-01-2026 09:20,25329.3,0.11442858724090621,0.11259,0.11074,0.10979,0.11021,0.11218,0.11591,0.12018,0.12695,0.13378,0.14197,0.1504956207638421,0.15953,0.16876,0.24508,0.23339500001650498,0.22209373713095984,0.21083,0.19932,0.18831477378186287,0.17772,0.16692066615300236,0.15679,0.14767,0.13916785061514444,0.13125,0.1246,0.11798
22-01-2026 09:25,25334.05,0.14503819125244807,0.13823,0.13143,0.1263411351974992,0.1234638466591807,0.12234,0.12374,0.12643,0.13155,0.13711,0.14425017621745304,0.15203,0.1597,0.16864,0.24449,0.23292,0.22276,0.21093,0.19921,0.18794,0.17635,0.16546,0.15452,0.1444119651114002,0.13472,0.12604,0.11756015491079708,0.10968
22-01-2026 09:30,25400.35,0.1313,0.12552,0.11846,0.1160593164926216,0.11534,0.11588,0.11915384435683968,0.12335,0.1295830638025514,0.13597,0.14327,0.1510342469931912,0.1591,0.1679,0.29877,0.28957,0.27803,0.26802,0.25667,0.24469,0.23145,0.21741,0.20236152092240464,0.18732,0.1736580468352579,0.15958574624795832,0.14582,0.1320782079789194
22-01-2026 09:35,25415.7,0.12572,0.1196,0.11492,0.11249,0.11221,0.11558,0.12023,0.12671,0.13404,0.14122,0.14855,0.15675,0.16402,0.17148,0.30317,0.29661,0.28651,0.2786474127990553,0.26983,0.25848,0.24745,0.23456,0.22072,0.20666,0.19281,0.17783,0.16503,0.1509
22-01-2026 09:40,25405.7,0.12722,0.12223,0.11794,0.11543,0.11462,0.1168,0.12063,0.12524,0.1315822971422137,0.13851,0.14592731179195742,0.15358,0.16068,0.16828,0.29928,0.2891,0.27712,0.2670440315343464,0.25601,0.24365,0.23047,0.21757374336693144,0.20472,0.19126,0.17853,0.16576,0.15406,0.14212
22-01-2026 09:45,25400.1,0.15452,0.14307,0.13348,0.12744,0.12418,0.12365,0.12604,0.12986,0.13537,0.14087,0.14796,0.15554,0.16312,0.1704,0.29,0.2791835073087719,0.26748,0.25775,0.24637700702320028,0.2343,0.22245,0.20936,0.19737,0.18456,0.17194,0.15918,0.14702,0.13419
22-01-2026 09:50,25430.85,0.10962,0.10808,0.10618,0.10596,0.10721115882483387,0.10993,0.11444450265689894,0.11946594350142196,0.12606,0.13221,0.13989,0.14704682284318604,0.15476,0.16214040292247872,0.2845,0.27390526159037815,0.26278,0.2530887289593413,0.24304,0.23201,0.22049,0.20827,0.19722,0.1857,0.17472,0.16405481691800694,0.15384794806963778,0.14369
22-01-2026 09:55,25385.65,0.13600061058463248,0.12983,0.12362,0.1202534144959986,0.11901,0.11909,0.12178,0.12571,0.13161,0.13658,0.14401,0.15158,0.15875,0.16661,0.2655,0.25452,0.24299,0.23352,0.22257,0.21122,0.19957,0.18796,0.17596,0.1650365241748168,0.1545502792823096,0.1443312973710624,0.1348,0.12521
22-01-2026 10:00,25404.05,0.10776,0.10582,0.10404543656132954,0.10378,0.10455742948962213,0.10659,0.11024,0.11494,0.12111,0.12794332012561357,0.13519,0.14291,0.15032,0.15769911682062374,0.26132,0.24963,0.23888,0.22953,0.21931161766216253,0.20862,0.19673,0.18526,0.17367,0.16340154753483013,0.15416,0.14472,0.13716,0.12960576123918077
22-01-2026 10:05,25387.2,0.11719,0.11299,0.10974652898960317,0.10822,0.10842,0.10980586531114457,0.11324713451641709,0.11733,0.12315,0.13018697814292574,0.13748,0.14503,0.15251651679965275,0.16041,0.26225,0.25061,0.23979,0.22998,0.21877,0.20853,0.19724,0.18568717488197173,0.17356,0.16269,0.15280429205930215,0.14351,0.13480994044071315,0.12669
22-01-2026 10:10,25366.75,0.13658,0.1275945466849456,0.12072,0.11708685109986244,0.11568,0.11694,0.11915,0.12345,0.12918,0.13488,0.14178513200760315,0.14905669760134888,0.15688,0.16445,0.25865273696841645,0.24688,0.23518,0.22525,0.21434764526768174,0.2037587514239821,0.19267,0.18093691582015264,0.16968,0.15848,0.14816302484621444,0.13837,0.12908,0.12057
22-01-2026 10:15,25384.2,0.09766,0.09725939673901593,0.09756353621288039,0.09906,0.10208,0.10502,0.10997,0.11552,0.12304,0.12969,0.13847,0.14584,0.1535,0.16136,0.25894,0.24825784589366612,0.23735,0.22862,0.21919,0.20863,0.1978769491726682,0.18719,0.17595,0.16545,0.15665,0.14742,0.13975203336919576,0.13255
22-01-2026 10:20,25330.55,0.13469,0.12744,0.12179084287480597,0.11842011953547142,0.11710731643986717,0.11744,0.12075,0.1253831568474574,0.13132,0.13681,0.14468,0.15186,0.15964,0.16747,0.24705,0.23563,0.22548072068809635,0.21547,0.20534,0.19424,0.18383,0.17305,0.16197,0.15146,0.14198,0.13311,0.12432934086228804,0.1154658272634275
22-01-2026 10:25,25335.0,0.09628,0.09735,0.09889,0.10032,0.10334,0.10665,0.11183,0.11826420063718837,0.12565,0.1329,0.14153,0.149229753114743,0.15712,0.16553,0.24,0.22960831262931852,0.21910743838380714,0.20926,0.1990143274491963,0.18905,0.17911,0.16988,0.1606,0.15157,0.1443,0.13825,0.13302,0.1278003358127991
22-01-2026 10:30,25273.25,0.13945,0.13166,0.12574,0.12204,0.12132,0.12241,0.1253003600308905,0.12998,0.137,0.14403434229542633,0.15175,0.15956,0.16779,0.17688,0.23624,0.22619,0.21609,0.20399,0.19332,0.18315034481771147,0.17284,0.16271,0.1521,0.14205,0.13349,0.12467,0.1169,0.10937
22-01-2026 10:35,25312.45,0.09582940172984315,0.09881563412440796,0.10152395616431671,0.10439,0.10721,0.11117,0.1165412091191435,0.12258,0.13031,0.13765,0.14618,0.15453,0.16222,0.17138,0.23916,0.22825,0.21796,0.20729,0.1962,0.18687,0.17646,0.16749,0.15827,0.14937,0.14221,0.13534,0.12967,0.12401465244339148
22-01-2026 10:40,25290.35,0.12122,0.11683,0.11428,0.11369,0.11429,0.117,0.12083673829906641,0.1271354757881789,0.13443449658155499,0.1408,0.14941,0.15731,0.16522,0.17431,0.23637,0.22582,0.21577,0.20398,0.19285,0.18242809619806077,0.17255,0.16337,0.15359511866879957,0.1446,0.13703,0.1298,0.12322101763895202,0.11738
22-01-2026 10:45,25288.95,0.1135,0.11212,0.1106320302341328,0.11104351833235504,0.11267,0.11621862223887573,0.12097,0.1269176375468321,0.13415,0.14106,0.14966,0.15788,0.16596881450887283,0.17426333748972075,0.23673,0.22651452366317745,0.21672,0.20513,0.1944,0.18474,0.17462,0.16521,0.15611,0.14677,0.1396,0.13244,0.12618207955719082,0.12065
22-01-2026 10:50,25270.45,0.11997,0.11644448182657927,0.11448,0.11425,0.11599,0.11936460020937559,0.12413,0.12951821302367802,0.13719724325539903,0.1441,0.15263,0.160264026556019,0.16839,0.17794,0.23618,0.22559883973585695,0.21531,0.20447,0.1937,0.18389,0.17375911727064786,0.16425566446762396,0.15437851092665106,0.14588,0.13804,0.1309563283931938,0.12447288780405646,0.11856
22-01-2026 10:55,25267.3,0.0946,0.09808,0.10061,0.10451,0.10876,0.11403,0.12045,0.12741498687832511,0.13522,0.14329,0.15206,0.16066,0.16887,0.17887,0.23925,0.22912,0.2191346221303082,0.20926,0.19955386288527646,0.19022,0.18099,0.17219,0.1637608321885579,0.15599,0.14955,0.1433,0.13964,0.13687
22-01-2026 11:00,25234.85,0.1185,0.11694,0.11547,0.11648,0.11914,0.12277,0.12787,0.13398,0.14143,0.14793,0.15618,0.16365177779729156,0.1716,0.1813,0.23335,0.22333,0.21319,0.20304,0.19266,0.18352,0.17396228006196704,0.16501,0.15589,0.148,0.14059016021602516,0.13366,0.12873,0.12323
22-01-2026 11:05,25223.35,0.12387,0.12094,0.11987,0.12024454027166712,0.12243499025966995,0.12569,0.13042,0.13655236467591766,0.14347,0.15015,0.15800501290798158,0.16614,0.17361,0.18285,0.23148,0.22185,0.21166,0.20118,0.19055,0.18182,0.17225,0.16345020967193152,0.15447,0.14595,0.1386196835309877,0.1321,0.12579,0.12123
22-01-2026 11:10,25234.6,0.11783,0.11612,0.1157067252187609,0.11679,0.11961,0.12341,0.1283738766018667,0.1344,0.14175,0.1488563185298869,0.15632,0.16431,0.17175,0.18097,0.23333142808104235,0.22345,0.21361,0.20313,0.19275,0.18370271109711797,0.1751,0.16645,0.15859312980704227,0.15091270821663638,0.14371,0.13697,0.1302819587702865,0.12356537358843109
22-01-2026 11:15,25230.3,0.11734,0.11619,0.11596,0.11705,0.11988533359787595,0.12398,0.12885376848034719,0.13488,0.14284,0.14917654193051838,0.1573402697143308,0.16565,0.17301317093839658,0.18078337037027367,0.23256,0.2224005269400654,0.21276,0.20203,0.19194,0.18251205110581262,0.1733,0.16454,0.15615,0.14857,0.14203,0.13552,0.13174,0.1269
22-01-2026 11:20,25224.65,0.137,0.13082,0.12749,0.12654,0.12715763171877184,0.12968,0.13375,0.138997286171645,0.1452,0.15148,0.1587,0.16648,0.17362,0.18287,0.22973,0.21907966528367245,0.20875,0.19782,0.18693,0.17738,0.16773,0.15831,0.14919,0.14078559010871397,0.13326000225269868,0.12592,0.11974,0.11326
22-01-2026 11:25,25274.25,0.11029,0.1095,0.11047,0.1123,0.11503,0.11882,0.12401896116700141,0.13019314493365686,0.1372,0.14366,0.15165,0.1597,0.16749,0.17532540303261301,0.23812421533852496,0.22736656161316185,0.21682587128487849,0.20607,0.19547,0.18598,0.17682,0.16781394658191798,0.15879487403315443,0.15095,0.1442,0.13826,0.13343,0.13062
22-01-2026 11:30,25237.65,0.12721,0.12374,0.12201,0.12194,0.12356,0.12649,0.13074646435238022,0.13617,0.14288735950122133,0.14986,0.15778,0.16548,0.17365,0.18226,0.2316,0.22112,0.21067,0.20008,0.18997,0.1797750033057372,0.16987,0.16085,0.15191,0.1438,0.13708,0.13062,0.1252,0.12044
22-01-2026 11:35,25252.75,0.11588,0.11479,0.11479,0.11600678857616675,0.11857,0.12203,0.12717,0.13324870836369757,0.1402,0.14765,0.15566,0.16411,0.17208,0.18127,0.23498,0.22361,0.2135,0.20258,0.1923700734379687,0.18266,0.17321,0.16413,0.15533,0.14776,0.14132,0.13517,0.13073,0.12644
22-01-2026 11:40,25230.6,0.10919097253950631,0.11095,0.1127,0.11542,0.11893,0.12346,0.12878,0.13507,0.14286,0.15035,0.1589,0.16711283712405345,0.17552,0.18424,0.23382,0.22297,0.21283,0.20268,0.1925151092282142,0.18294,0.1738,0.16513,0.15713,0.15016460190201292,0.14431,0.13938,0.1355,0.13284
22-01-2026 11:45,25200.8,0.13034,0.12707,0.12579,0.12618,0.12794,0.13121,0.13519,0.14066,0.14796,0.15439,0.16295,0.17075,0.17877,0.18680846083094468,0.22867,0.21802891288106008,0.20777,0.19708,0.18627,0.17701,0.16748332598436647,0.1585,0.14969,0.14189,0.13525,0.12864,0.12352819664177582,0.119
22-01-2026 11:50,25218.4,0.11773170288355639,0.11799,0.11825,0.12004,0.12293,0.12665014066625072,0.13162,0.13778,0.14525,0.15228,0.16020969319835218,0.16820517628163403,0.17647,0.18503,0.23193,0.22182,0.21127,0.20134,0.1911,0.18159,0.17246,0.1637289744798469,0.15526,0.14788,0.1413990732681407,0.1358,0.13142,0.12799
22-01-2026 11:55,25201.6,0.12001,0.11932,0.11974,0.12163,0.12481,0.12881,0.13424,0.14034,0.1483,0.15507,0.16351,0.17177,0.1796,0.1887,0.23017,0.2196,0.2094461872008937,0.19954,0.18937,0.18024,0.17079,0.16267,0.15446,0.14755,0.14166,0.1361,0.1320602309454066,0.12873
22-01-2026 12:00,25184.35,0.13758,0.13244,0.12988,0.13034,0.13149913008447286,0.1344981037143393,0.13886,0.14457,0.15216,0.15927520356544908,0.16743,0.17523,0.18364026864047636,0.19241,0.22834488856988416,0.21731,0.20632,0.19602,0.18569,0.1757650507791119,0.16609,0.1571,0.14822,0.14008,0.13273,0.12559,0.12063,0.11536
22-01-2026 12:05,25218.75,0.13087,0.12668,0.12499,0.12484,0.12643903244437063,0.12979223727498726,0.1341,0.13956,0.1470061797579119,0.15396,0.16225,0.16994357332999685,0.17781,0.18703,0.2305,0.21984,0.20922,0.19904,0.18865,0.17901320100161824,0.16943,0.16058,0.15135,0.14328,0.13606,0.12929,0.12342,0.11846
22-01-2026 12:10,25226.35,0.12834,0.12438,0.12308,0.12333281158211913,0.1255,0.12883,0.13331181504014564,0.1386,0.14562,0.15307918611941243,0.16094,0.16851,0.17645,0.18564,0.23027,0.21899,0.20841007406369347,0.1981,0.18752,0.17778,0.16817,0.15891922696943803,0.15021,0.14225,0.13511,0.12849,0.12273,0.11839
22-01-2026 12:15,25221.55,0.13087,0.12662,0.12485,0.12467,0.12612,0.12894,0.13336,0.13905,0.14608,0.15323669854392127,0.16142,0.16924,0.17689863282668616,0.18484862460445023,0.2286471280765247,0.21801,0.20729892641064493,0.19688,0.18636,0.17645,0.16673,0.1573307252474183,0.14855,0.1402,0.13314,0.12629,0.12024,0.11566
22-01-2026 12:20,25272.95,0.10777,0.10918,0.11013,0.11252,0.11574,0.11971,0.12478,0.13077836060989684,0.13855898763727695,0.14593,0.15429,0.16213,0.17068,0.17925510745243453,0.23702,0.22579,0.21552,0.20511,0.19413,0.18511,0.17556,0.16716,0.15828,0.15104,0.1445533882116627,0.13902403697081459,0.13467,0.13125
22-01-2026 12:25,25240.05,0.13081,0.12608640009470484,0.12305,0.12343,0.12401,0.12723,0.13101,0.13657,0.14324,0.15053,0.15886,0.16678,0.17518,0.18403,0.2314,0.2204885322871846,0.21001,0.19899,0.18853917194081837,0.17866,0.16859,0.15934,0.15022,0.14227944139997745,0.13473688520143906,0.12828,0.12165,0.11719
22-01-2026 12:30,25251.1,0.13184,0.12588,0.12274,0.12196,0.12266,0.12510986260863297,0.12949768824480465,0.13509072534568362,0.14101,0.14825,0.1565,0.16431,0.17260015191987624,0.18126,0.23153,0.22096,0.20977,0.19965,0.18914075125994587,0.1792,0.1691258356938261,0.1596326933051732,0.15072,0.14231,0.1349,0.12783,0.12144,0.11509973005987804
22-01-2026 12:35,25259.05,0.11375,0.11285,0.11296,0.11425,0.11663,0.12023,0.12509,0.1311,0.13856,0.14627137963606124,0.15486,0.16325755632588856,0.17196,0.1812,0.23351429683123084,0.22293,0.21239,0.2021,0.19122,0.18161,0.1718561661440174,0.16285,0.15423,0.14655,0.14013,0.13408,0.12891,0.12525
22-01-2026 12:40,25236.55,0.12143,0.11888,0.11785,0.11858,0.12061,0.12433,0.1288,0.1348,0.14199,0.14964,0.1575916201339477,0.16577,0.17465,0.18377,0.23071,0.21957,0.20866,0.19797966256172467,0.18749,0.17785,0.16802,0.15876,0.15014,0.14232,0.1357,0.12925,0.12412,0.11937
22-01-2026 12:45,25253.05,0.11417598193821597,0.1137,0.11324,0.11404,0.11663,0.12018429629280253,0.1250895631436054,0.13136,0.13754884493513947,0.1445733957789495,0.15270279608540166,0.1613298457847736,0.17081419696368527,0.18119,0.23296,0.22186,0.21098,0.1998,0.18881,0.17943,0.16946,0.16021,0.15147,0.14336258356509335,0.1361,0.1299434437065037,0.12471,0.12011
22-01-2026 12:50,25254.0,0.10616,0.10634,0.10745,0.11055,0.11341,0.11806,0.12397,0.13074956002383248,0.13861,0.14621,0.1546854126231408,0.16333014822864309,0.17242,0.18251,0.23222,0.22122,0.21044,0.19967,0.1891878091412882,0.17908416109144837,0.16946,0.16058,0.15221,0.14482,0.13801,0.13242214552432197,0.1278,0.12496
22-01-2026 12:55,25215.15,0.11693,0.11559,0.11562,0.11762,0.12057,0.12475,0.13009,0.13645,0.14476,0.15249593381612037,0.16112,0.16993,0.1788373811836465,0.18816,0.22672,0.21609,0.20483,0.1943,0.1832,0.17413,0.1643605228360419,0.15541,0.14757,0.14025,0.13412,0.12866,0.12398,0.11934030914715148
22-01-2026 13:00,25215.7,0.12028,0.11817,0.11746,0.11863,0.12125,0.12500117189486387,0.13016,0.13671,0.14473,0.15251,0.16138,0.17026,0.17891,0.18906,0.2264,0.2154,0.20417006193208212,0.19346,0.1825,0.17286,0.1627540334662949,0.15348,0.14544,0.1378,0.13144,0.12544072760465827,0.1203,0.11621
22-01-2026 13:05,25210.35,0.11631,0.1151974129907093,0.11543336942777206,0.11698,0.12032,0.1245996041810871,0.13022,0.13689,0.14524,0.15312,0.16221,0.17072,0.1797,0.19028,0.2265420160500009,0.21559,0.20467,0.19350090340123707,0.18263,0.17306,0.16313197729780768,0.15394,0.1462,0.13844,0.13297,0.12712,0.12294265889089699,0.11964
22-01-2026 13:10,25206.6,0.11138,0.11116372258877386,0.11223,0.11451773202884329,0.11804,0.12279,0.12887,0.13615,0.14439323694771025,0.15277,0.16252,0.17164,0.18067,0.1897097495294516,0.22767,0.21638,0.20602,0.19486,0.18396497929776723,0.17393,0.16423,0.15523,0.14719,0.13983,0.13354,0.12783,0.12334,0.12059
22-01-2026 13:15,25186.75,0.1267652872099683,0.12416,0.12157,0.12197,0.12375270292927511,0.12712,0.13228,0.13881,0.14705,0.15477,0.16365,0.17236,0.18179,0.19077,0.22374,0.21337,0.20264,0.19149,0.18074261421871862,0.17076,0.16041,0.15123,0.1424391836153676,0.1342886873953251,0.12696,0.1203,0.11439,0.10863
22-01-2026 13:20,25195.0,0.11848796045817987,0.11774,0.117,0.11810914197628879,0.12077,0.12443,0.13025,0.13702,0.14521,0.15366718606701485,0.16253,0.17128,0.18032,0.19023,0.22537,0.2145823664704578,0.20384,0.19303,0.18168,0.17161,0.16195,0.1531,0.14463,0.1371095553607609,0.13042,0.12440857069515522,0.11923,0.11484
22-01-2026 13:25,25194.95,0.11545,0.11404,0.11425,0.11633,0.11942,0.12361,0.12953721456559783,0.13692,0.14568,0.15437187627067475,0.16349,0.1725243605725264,0.18163,0.19123,0.22589,0.21543,0.20496,0.19431,0.18359,0.17389,0.16421,0.15583,0.14765,0.14,0.13434,0.12901365482679228,0.12492,0.12024692234987697
22-01-2026 13:30,25171.75,0.1432,0.13615,0.1311,0.12962,0.13031,0.13214,0.13651775473472366,0.14272720923693624,0.14993,0.15715,0.16596,0.17461,0.184,0.19342,0.22177872846716395,0.21074,0.19957502520961226,0.18868973973928238,0.17787,0.16798,0.15783,0.14782,0.13845852527157226,0.12957,0.1217,0.11384,0.10646,0.09911816096014488
22-01-2026 13:35,25225.85,0.10471,0.1055662928178184,0.10754,0.11025505010150467,0.11402,0.11921707944757406,0.12522,0.13245,0.14034796932849145,0.14956948779970763,0.15859,0.1672,0.17620752037688353,0.18541,0.2252624034158848,0.21547317391307189,0.20571,0.19599,0.18523,0.17619,0.16666362352508823,0.15805,0.15011892484778566,0.14277411043344154,0.137,0.13167,0.12773,0.12513
22-01-2026 13:40,25195.9,0.12374,0.1207354686525899,0.11941164385356359,0.11976,0.12217962497414339,0.12616,0.13153,0.1382,0.14565657122192974,0.15395,0.16323,0.17159457849129034,0.18046,0.1899,0.22344,0.21331,0.20219664768858822,0.19152,0.18121315863580828,0.1709572391266812,0.16074536703353492,0.15191,0.14299,0.13503,0.12823,0.12152661261581402,0.11572,0.10951889826214725
22-01-2026 13:45,25188.3,0.1276464163342082,0.12541,0.12318,0.12313,0.12513,0.12814,0.13313376066891183,0.13966,0.14793,0.15562377619482431,0.16408,0.1725610023174628,0.18112,0.19097,0.22203,0.21151,0.19995,0.18986,0.17852,0.16927,0.15910883259656378,0.14961,0.14032,0.13213,0.12488,0.11745,0.11126,0.10524
22-01-2026 13:50,25206.65,0.1287268915829729,0.12637,0.12402,0.12326,0.12433,0.12728,0.13213,0.13825,0.14571,0.15345,0.1624,0.17059245669188608,0.17913,0.18909,0.22518460536518783,0.21404,0.20291,0.19184,0.18065,0.17112,0.16077,0.1507,0.14105,0.13153,0.12403,0.11657,0.10964,0.10354
22-01-2026 13:55,25236.1,0.11656,0.11359,0.11289073696321796,0.11377858618511062,0.11625,0.12045,0.12573,0.13227994030068363,0.140768304070841,0.14887,0.15822,0.16671,0.17622019103297829,0.18618,0.22795,0.21717,0.20582,0.19499,0.18373,0.17406,0.16392,0.15398694525350673,0.14419652172587089,0.13574,0.12838492029316936,0.12181,0.11645,0.11189
22-01-2026 14:00,25232.35,0.11278,0.11083035820673677,0.11044,0.1117263202319777,0.11447699132366458,0.11889,0.12442,0.13177,0.14082,0.14875,0.15824,0.16729,0.1762,0.18511588837853668,0.22783807029519465,0.2160482716070308,0.20418,0.19241,0.18109,0.17073744922000625,0.16079,0.15092,0.1423,0.13419,0.12787,0.12171,0.11674505994129775,0.11263
22-01-2026 14:05,25228.35,0.10704781875749535,0.10708,0.10712,0.10975,0.11323,0.11804,0.12407,0.13184,0.1409,0.14891,0.15830387534954976,0.16756,0.17717965425749058,0.18734,0.22527577426905382,0.21401,0.20254551616064728,0.19156,0.18059503973472002,0.170273502542224,0.16046,0.15106,0.14225,0.13464,0.12825,0.12236,0.1183,0.1145
22-01-2026 14:10,25212.7,0.10325,0.10382,0.10594,0.10885,0.11289,0.11798,0.12494,0.13333787959607674,0.14238,0.15053,0.16028,0.16979,0.17899,0.18902,0.22308,0.2123984378904378,0.20205,0.19124,0.1811974696485258,0.17176,0.16192,0.15288,0.14506,0.13776,0.13253,0.12725,0.12369,0.12014468470692546
22-01-2026 14:15,25178.75,0.12182,0.1185,0.11731,0.11826,0.12078,0.12452,0.13073,0.13801,0.14683,0.15506,0.16487,0.17383,0.18321,0.19259002245516188,0.2213316625783744,0.20979,0.19827,0.1869,0.17605,0.16626,0.15609,0.14672,0.137797291040662,0.12978,0.12368,0.11768,0.11171595989779144,0.10575242557232883
22-01-2026 14:20,25194.65,0.11846,0.11485,0.1143856847816291,0.11535,0.11816,0.12239176564787731,0.12947170640755712,0.13789957249724266,0.14569,0.15381763136816143,0.16287126188517007,0.17242,0.18114,0.19248,0.21453837920178542,0.2047250872317725,0.19490606864055948,0.18512475296436878,0.17536,0.16566,0.15521023906152012,0.14546,0.13666,0.12849,0.12242,0.11610311890415978,0.11085,0.10634
22-01-2026 14:25,25206.4,0.13345,0.12568,0.1217,0.11997,0.12155,0.12397,0.12961,0.13628,0.14473,0.15238,0.16165,0.17013,0.17877,0.1874351802463501,0.22143,0.21092,0.19894,0.18769,0.1759992475082184,0.16501002693650066,0.15369,0.14311,0.13357047490753468,0.12454445311193058,0.11657,0.10903,0.10235,0.09526
22-01-2026 14:30,25236.6,0.14193,0.13211,0.12578,0.1224,0.12166036126361145,0.12369673091106377,0.12701,0.1334034046621091,0.14065,0.1477,0.15648,0.16456,0.1726,0.18066744868276635,0.22542563583147474,0.21403,0.20264,0.19115,0.1791,0.1684024538522054,0.15779,0.14667,0.1368,0.12692,0.11873,0.11061,0.1026,0.09509
22-01-2026 14:35,25267.55,0.13245,0.12446,0.11907,0.11672360804402306,0.11656,0.11849,0.12255,0.12866,0.13621,0.14339,0.15211,0.15998,0.16808,0.17725,0.22783,0.21768,0.20568068178165913,0.19426,0.18242,0.17251,0.16169,0.15087,0.14137,0.13163,0.12340408482867084,0.11555,0.10842,0.10158
22-01-2026 14:40,25289.0,0.11817415318181076,0.11554,0.11177936345467261,0.11038,0.11062,0.11348,0.11844,0.12494,0.13286,0.14037985447590162,0.14849,0.1556,0.16394,0.17230899474794362,0.22970835385536015,0.21954,0.20935,0.19642,0.18545,0.17533,0.1644,0.15399,0.14452,0.13534,0.12744,0.12046,0.11392,0.10707
22-01-2026 14:45,25289.65,0.1265,0.11898,0.11442,0.11143,0.11179,0.11412,0.11793,0.12328,0.1315,0.13896007515777184,0.14695,0.15481,0.16299,0.17293,0.22661,0.2165,0.20485098049963185,0.19358,0.18106,0.17133,0.15961,0.14912,0.13972,0.13057,0.12292,0.11586,0.10908,0.10263
22-01-2026 14:50,25294.65,0.11257,0.10885,0.10634218150554699,0.10561740784081432,0.10652933055288524,0.10929,0.11406,0.12007,0.12843,0.13603,0.14458860663994466,0.15341,0.16192,0.17181,0.22732,0.21666,0.20698,0.19387,0.1822,0.17141,0.16065755050610453,0.15012973725141904,0.14075,0.13205,0.12467,0.11794,0.11225,0.1065
22-01-2026 14:55,25290.85,0.12505,0.1183,0.11366,0.11078,0.11049,0.11193,0.11479,0.12027,0.12826,0.13581018385074317,0.144,0.15238,0.16102,0.1696935215726168,0.22431,0.21334,0.20302,0.19065,0.17886,0.16801269810341443,0.15749,0.1469,0.13782,0.12883,0.12193,0.1152,0.10890678177632677,0.10323
22-01-2026 15:00,25269.5,0.11006,0.10676,0.10425,0.10401,0.10552562492316023,0.10865,0.11289,0.11928,0.12814,0.13594,0.14531,0.15404,0.16272865612158305,0.17172,0.22366,0.21357,0.20234,0.18974,0.1781,0.167271764573131,0.15686,0.14672,0.13786616825148573,0.12967,0.12325,0.11704919338030262,0.11208,0.10714
22-01-2026 15:05,25256.3,0.13972,0.1300787437214541,0.12292166459779692,0.11811,0.11601183448345766,0.11644,0.11855,0.12337,0.13109,0.13759,0.14609,0.1536,0.16076,0.17157,0.22269,0.21193,0.20212,0.18893,0.17636,0.16553,0.15355,0.14238,0.13331,0.12411,0.11681,0.1094,0.10242,0.09535
22-01-2026 15:10,25297.3,0.12411,0.11729,0.11174,0.10823,0.1071923112429994,0.10824,0.11119,0.11643,0.12445,0.13178550304733502,0.13938,0.14775,0.15498,0.16581,0.22733232217363467,0.21557,0.20403647372868586,0.19217,0.1808280423630226,0.1699,0.15856,0.14748,0.13834,0.12938,0.12225,0.11514,0.10924,0.10333636299505099
22-01-2026 15:15,25297.45,0.13466,0.12452,0.1167451378108373,0.11152,0.10988,0.10975,0.11262841425027012,0.11706010840496385,0.12425,0.13058,0.13838665362894417,0.14685243720585572,0.15617,0.16649,0.22453600003212662,0.21324,0.20198,0.18929,0.17783086897363037,0.16658,0.1554,0.14371,0.13362979153449583,0.12415,0.11671,0.10891,0.10236,0.09474
22-01-2026 15:20,25308.25,0.13460323749832598,0.12651,0.11843,0.11297,0.11042,0.10944,0.11139,0.11523,0.12287,0.12878,0.13797,0.1464,0.1552676645983852,0.16518,0.22618,0.21531,0.20509,0.19178,0.17973,0.16889,0.1573,0.14589,0.13596,0.12591,0.11785005736101947,0.10996,0.10303,0.09568
22-01-2026 15:25,25314.1,0.12241119157437866,0.11823152577714603,0.11396,0.10975,0.1078815833553975,0.10811,0.1098,0.11445313105170189,0.12093719047440057,0.12859,0.13684,0.14746,0.15596561677025567,0.16634,0.22536652922178196,0.21422,0.20312,0.19107,0.17871,0.16720719979645648,0.15573,0.14379,0.13299,0.12337828504228221,0.11524,0.10856,0.10267,0.09675982711538625
23-01-2026 09:15,25292.15,0.11931,0.11649,0.11509,0.11369068139320214,0.11418,0.11547,0.11955,0.12571,0.13250685524142142,0.14051226744991344,0.15064542180177765,0.16206629283262602,0.17459,0.18428216861382896,0.24477,0.23396,0.22297,0.21107026906172757,0.19741268363233114,0.18483645166441753,0.17365,0.16193,0.15213,0.14322,0.13578,0.13011,0.12536,0.12142
23-01-2026 09:20,25265.75,0.15631,0.14353,0.13315,0.1266080476783977,0.1228,0.12116,0.12231,0.12772,0.13584,0.14465,0.15455125182163915,0.16482,0.17432713760759608,0.18469,0.24396,0.23242932409441844,0.22085,0.2079,0.19492,0.18248,0.1697292401317774,0.15744,0.14538,0.13438,0.12516,0.11665,0.10902,0.10073
23-01-2026 09:25,25330.85,0.12813,0.12132,0.11486,0.11163,0.10964,0.10946,0.11183,0.11716,0.12565,0.13479174397798052,0.1449203528088273,0.15603,0.16604193524753927,0.17721,0.2537429844251396,0.24198,0.23026,0.21748,0.2051,0.19247,0.1795,0.16666,0.15364,0.1427,0.13305,0.12516,0.11848,0.1117813773230332
23-01-2026 09:30,25330.3,0.10588034736063759,0.10461,0.10332,0.10229,0.10288,0.10443,0.10828,0.11533,0.12474,0.1352,0.14612,0.15682882488809954,0.16717,0.17867,0.25374,0.24134082427475886,0.22938742106395,0.21749,0.2051,0.19356,0.18168332749673363,0.17013929603220707,0.15689612298848432,0.1468692543741455,0.13837,0.13156,0.12593,0.12058
23-01-2026 09:35,25299.45,0.12453,0.11639,0.11166,0.10831970116994337,0.10737,0.10758,0.11121,0.11806,0.12835,0.13884730143558274,0.14951,0.16119,0.17159,0.18236,0.25024,0.23814801691191154,0.22628592355564356,0.21401,0.20141,0.18963,0.1767185246080493,0.16441,0.15234,0.14161,0.13315,0.12488,0.1189,0.11226
23-01-2026 09:40,25299.95,0.11211,0.10773,0.1050123437444754,0.10377061582107339,0.10436,0.1056,0.10957,0.11735,0.12745650766756855,0.13748,0.14949,0.16018,0.171,0.1817,0.25295,0.24189,0.22915,0.21597,0.20356,0.19183,0.17915,0.16708,0.15541,0.14557,0.13685,0.12948,0.12378,0.11808
23-01-2026 09:45,25269.0,0.13505,0.12568,0.11863,0.11398,0.11201,0.11176,0.11522,0.12257,0.13271,0.1425951105241172,0.15413,0.16573,0.17529933120062274,0.18534,0.24748,0.23526923435454167,0.22327,0.21008978250098753,0.19701,0.1846403996885388,0.17224,0.15981,0.14748,0.13673,0.12738476048008746,0.11895064071070753,0.11206,0.10445
23-01-2026 09:50,25300.7,0.10363315194880064,0.10232537506324349,0.10102,0.09972,0.10033,0.10305512411687925,0.1083496100709043,0.11544,0.12655,0.13711,0.14907,0.16072,0.16983,0.18175,0.25005,0.23828888317251926,0.22641,0.21445,0.2020353244442601,0.19005,0.17715773110111266,0.16533,0.15422,0.1440844811048792,0.13561,0.12812,0.12267,0.11716
23-01-2026 09:55,25284.3,0.1193863405838326,0.11467,0.10997,0.10683,0.10583,0.10661233996128705,0.11068,0.11894,0.1295,0.14041,0.15111,0.1621965188901255,0.17282,0.18339,0.24959136714232855,0.23659,0.22362,0.21121,0.19835697396912808,0.18583,0.17265,0.16037,0.14893,0.13825,0.1295501327381654,0.12193,0.11504614528868265,0.10906
23-01-2026 10:00,25294.9,0.11551,0.10871,0.10436,0.10219,0.10211,0.10379,0.10796,0.11444583399346789,0.12548040173886052,0.13719362395665982,0.14825,0.15903531359261835,0.17017,0.18201,0.24879,0.23819,0.22575,0.21331,0.19948,0.18824,0.17501,0.16269,0.15122,0.14109180259520265,0.13134,0.12581,0.11644,0.11059
23-01-2026 10:05,25293.15,0.10517,0.10167,0.09968,0.0982,0.09925,0.10135,0.10671,0.11611,0.12728,0.13881,0.15047204196825661,0.16201,0.17172,0.18302,0.24985527777424799,0.23745,0.22507,0.2119962619697743,0.19887,0.18769,0.17481,0.16247,0.15083604739273673,0.14012,0.13132089684902715,0.12392,0.11809,0.11261
23-01-2026 10:10,25285.05,0.11052,0.10549321859255542,0.1024,0.10061,0.10086,0.10313,0.10837,0.11749,0.12893,0.13934,0.1512,0.16325,0.17293,0.18352,0.24910287459624653,0.2364,0.2236202002835854,0.2111,0.19732,0.18653,0.17326434565049742,0.16068,0.14890034351384546,0.13838,0.12958594472953555,0.12203,0.11586,0.10975
23-01-2026 10:15,25283.3,0.09813,0.0969,0.09643,0.09644,0.09796,0.10151852243663316,0.10741,0.11748205603820358,0.1282370795263297,0.1408,0.15197,0.16357,0.1737932754451605,0.18454,0.24748,0.23625,0.22383,0.2114,0.19799,0.18669,0.17432,0.16229,0.15133,0.1414428632530187,0.13319,0.12637,0.12096,0.1163
23-01-2026 10:20,25261.25,0.11266,0.10693,0.10368,0.10196,0.10212,0.10536476053286445,0.1126768416416583,0.11993,0.13215,0.1437405331405238,0.15483,0.16683,0.17642,0.1859960064078348,0.24452,0.23264,0.21969,0.20778,0.19476,0.18301,0.16998,0.15745,0.14593,0.13537,0.12714,0.11906,0.11292,0.10675
23-01-2026 10:25,25266.4,0.12923,0.12084,0.11372485844933358,0.10906,0.1068,0.10733,0.11143,0.12046,0.13138773708613075,0.14234,0.15368,0.1651,0.17515,0.18488,0.24814166327538564,0.23405,0.21999,0.20768,0.19478,0.1828,0.1695151366727693,0.15649,0.14411725619718832,0.13273,0.12314,0.1146,0.10689,0.09915706846667625
23-01-2026 10:30,25303.15,0.11532,0.10978,0.10509,0.10165,0.10087,0.10216,0.10624,0.11495,0.12659,0.13721,0.14878,0.15988,0.16944,0.17992,0.24986,0.23875,0.22534,0.2133984130392151,0.20076,0.1885,0.17450096740402576,0.16166,0.14937795952181157,0.13819,0.12852,0.12019,0.11289,0.10556543173577362
23-01-2026 10:35,25313.0,0.10599,0.10186,0.09907,0.09747,0.09681842526870905,0.0994,0.10381,0.11312,0.12386,0.13501,0.14694,0.15955,0.16936,0.18005,0.252,0.24023,0.22749432253525606,0.215112693455424,0.2021848138348534,0.1897,0.17706,0.16367316032880677,0.15175,0.14111,0.13216,0.12372836253412516,0.11661,0.10882787811469045
23-01-2026 10:40,25297.7,0.11135,0.10551971272626669,0.10164,0.09885,0.09857,0.10014,0.1059387997547928,0.11392,0.12568,0.1366,0.14834,0.16081,0.17098,0.18154,0.24998,0.23817,0.22546337073247094,0.21299,0.20011,0.18782,0.17474,0.16203,0.1501966138091005,0.13919,0.12965726742548628,0.12116,0.11415,0.10767
23-01-2026 10:45,25297.35,0.09821,0.0961,0.09449,0.09374,0.09458,0.09708,0.10329,0.11228777836695301,0.12481,0.13631,0.14765419267722518,0.15986,0.16983,0.17979907527047023,0.25003,0.23822,0.22587,0.21324783065095965,0.20057,0.18858,0.17634,0.16313,0.15174,0.14097,0.13188,0.12401,0.11728,0.11052524086295624
23-01-2026 10:50,25284.35,0.10889,0.10308,0.0993624498210478,0.09792,0.09777,0.09998900308795543,0.10539,0.11485,0.12655,0.13792,0.14848598170615068,0.1597827912827332,0.17026860595354543,0.1813,0.24965,0.23725526491330756,0.22462,0.21215,0.19953,0.18702,0.17404,0.16081,0.14871,0.13728,0.12794,0.11977,0.11228,0.10575
23-01-2026 10:55,25278.2,0.11094,0.105,0.10087,0.09864,0.09843,0.10062,0.1063,0.11618,0.12824,0.1389,0.15056050164146279,0.16219,0.172,0.18298,0.2499348310363497,0.23687,0.22382,0.21133,0.19828,0.18614,0.17283,0.15906,0.1470854918415405,0.1357,0.12612,0.11754007321430232,0.1103,0.10344
23-01-2026 11:00,25279.7,0.09949,0.09668,0.09479748808174833,0.09447,0.09556,0.09858,0.10546405073343702,0.11571,0.12772,0.13962978515191518,0.15124,0.16314,0.1738,0.1836,0.24788,0.23718,0.2236,0.21164,0.19899,0.18645,0.17314,0.15991,0.14826,0.13761,0.12834,0.12056,0.11372,0.10685993044788118
23-01-2026 11:05,25270.35,0.11142,0.10533,0.10125,0.09914,0.09952787509311811,0.1019385470931015,0.10775,0.11755,0.12923,0.14062,0.15222504116653449,0.16401,0.17519,0.18634134035088132,0.24668,0.23478,0.22181,0.2094,0.19666394497845116,0.184,0.17078,0.15764,0.14516,0.13386,0.12443,0.1159,0.10893,0.10227
23-01-2026 11:10,25281.6,0.10635,0.1011287907145453,0.09802,0.09604,0.09709,0.09969,0.10605,0.11605,0.12821,0.13898,0.15062,0.1622263366880262,0.17368,0.1835,0.24835,0.23587,0.22300262554086336,0.2104191329962243,0.19733,0.18506,0.17165,0.1587,0.1462,0.13463,0.12497,0.11648,0.10931,0.10249
23-01-2026 11:15,25277.8,0.09535,0.0915067352077161,0.08989483064868882,0.09043495782008906,0.0938,0.0985921223623354,0.10508,0.1156,0.12818,0.1392,0.15124,0.16262153881251604,0.17365,0.18335,0.24587,0.23482,0.22086,0.20872,0.1963239917439886,0.18418,0.17177,0.15952,0.14744,0.13673,0.12752892496641516,0.11955398761422693,0.11301,0.10725
23-01-2026 11:20,25261.05,0.11031,0.10344,0.09958,0.09768,0.09885,0.10159,0.10799,0.11835,0.12926349982032276,0.14178,0.15327,0.16466035519228853,0.17543,0.18648,0.24568,0.23374,0.2202,0.20756107904615892,0.19441,0.18205,0.16906109844913272,0.15658,0.14398,0.13288,0.12301735200497509,0.11444,0.10707,0.09968651771955957
23-01-2026 11:25,25270.95,0.10573907725674549,0.10164,0.09754,0.09611,0.09717,0.10005,0.10758829910152179,0.11709,0.12867,0.14035,0.15238,0.16421,0.17450344622322983,0.18445,0.24584219403010243,0.23373153504954464,0.22117,0.20887,0.19554,0.1829,0.17018,0.15771,0.14458,0.13327,0.12294,0.11412294672229013,0.10649,0.09934
23-01-2026 11:30,25274.7,0.09177,0.08955,0.08944,0.09021643698146613,0.0926,0.09732,0.10502385721473209,0.11568,0.12694688031810838,0.13943,0.15069578511940337,0.16318,0.1737349876206449,0.18476,0.24712,0.23528,0.2218,0.20902,0.19618,0.18467,0.17181,0.15975,0.14731,0.13703623249376987,0.1278,0.11982436107740525,0.11310201432256561,0.10746
23-01-2026 11:35,25252.0,0.0935,0.09162,0.09104123948342657,0.09228,0.09519,0.10037,0.10855,0.11968,0.13191265066731328,0.14375,0.15529,0.16707,0.17758,0.18871,0.24268,0.23094,0.21751,0.20479,0.19155,0.18014,0.16828,0.15635,0.14542,0.13578,0.12799,0.12090655900955763,0.11509,0.11053
23-01-2026 11:40,25221.8,0.10092,0.09778,0.09666,0.09708611674310087,0.10061,0.10582,0.11556,0.12721,0.13961,0.15203,0.16314,0.1740737036010497,0.18383,0.19408783514519584,0.23925,0.2270292285442035,0.21433,0.20188,0.18882,0.17619681084618688,0.16385,0.15167,0.14043,0.13085,0.12271,0.1155477931486105,0.10956,0.10438
23-01-2026 11:45,25210.75,0.09618,0.09597154116533363,0.09747,0.09935,0.10373,0.10955,0.11906,0.13073,0.1424,0.15390552166577218,0.16531,0.17591,0.1865139809494296,0.19675,0.23574,0.22526,0.21174,0.1984,0.18638,0.17499,0.16393,0.15306,0.14354,0.13564,0.12815,0.12247,0.11882,0.11379
23-01-2026 11:50,25193.45,0.11117,0.1073,0.10507047730158534,0.1055013964183277,0.1085,0.11457239026865175,0.12208,0.13307,0.14486,0.1561,0.16703,0.17741,0.18736,0.19852,0.23272,0.22105,0.20822,0.19464586111109036,0.18169,0.16945,0.15821,0.1465168100833777,0.13596,0.12681,0.11883,0.11236,0.10684,0.10173
23-01-2026 11:55,25208.4,0.10773,0.10369,0.1022,0.10292,0.10575,0.11154490470307452,0.11979,0.1304,0.14257,0.15349,0.16464805015613207,0.17532,0.18533,0.19530154317388007,0.23561,0.22389,0.21046,0.19772,0.18489,0.17183,0.16035,0.14834,0.13744,0.12787,0.11974236944080806,0.11298,0.10728,0.10155494149890475
23-01-2026 12:00,25209.75,0.10657347777774887,0.10481,0.10303,0.10346,0.10637,0.11101,0.11930636857672557,0.13140186181193728,0.14275,0.15335,0.16428,0.1752,0.18607909176601245,0.19714,0.23589,0.22355,0.21065923603523468,0.198,0.18517,0.17210220776808302,0.15967,0.1473,0.13627,0.1266,0.11840188055416048,0.11104,0.10492,0.09911
23-01-2026 12:05,25207.8,0.09717,0.09596720664898573,0.0966593216042106,0.09955,0.10375,0.10947,0.11933,0.13061,0.14312,0.1545,0.16511,0.17556,0.18687899350278298,0.1982,0.23501,0.22209,0.20998,0.19729,0.18451,0.17225,0.1607,0.14862,0.1385869964385119,0.12999,0.12296,0.11696,0.11247,0.10886
23-01-2026 12:10,25190.3,0.10602,0.10311,0.10236,0.10405,0.10765,0.11393870768255286,0.12261,0.13353,0.14595,0.15725,0.1683214060595502,0.17872,0.18877,0.19878656293031927,0.23266,0.21989840156790058,0.2070017583457483,0.1943,0.18239,0.16962,0.15765,0.14576,0.13523,0.12612,0.11846,0.11226,0.1066527504330525,0.1021
23-01-2026 12:15,25193.1,0.12044,0.11324,0.1091,0.10801588865371961,0.11003,0.1141,0.12241,0.13313,0.14523,0.1560546841823282,0.16696,0.17766334725293886,0.18781,0.199,0.23385,0.22083,0.20803,0.19529,0.18201,0.16936,0.15689,0.14393,0.13247,0.12203,0.11306,0.10491,0.09748,0.09034
23-01-2026 12:20,25216.55,0.08909592372725104,0.09274194176444728,0.09635128416444574,0.09993,0.10351,0.10881,0.11753206993846153,0.12907,0.14159,0.15290151833795976,0.16402,0.17452,0.18521,0.19582,0.23652,0.22488,0.2115,0.19831,0.18581103569923535,0.17343,0.16068,0.14839,0.13724,0.12774,0.11932,0.11244,0.10652,0.10192
23-01-2026 12:25,25202.7,0.10902,0.10505,0.10291156114883739,0.10354,0.10611403013306803,0.11111,0.1202,0.13111,0.14351,0.15435,0.1652,0.1766,0.1871046683735136,0.19783,0.23468,0.22237,0.20902,0.19636,0.1836,0.17076924669064766,0.15822,0.14635017513604906,0.13447985040343388,0.12424,0.11559,0.10799136351323389,0.10184,0.09596
23-01-2026 12:30,25205.2,0.10924,0.10449,0.10241,0.10351,0.1062,0.11118,0.12027,0.1310768581171084,0.14318,0.1542967636684938,0.16543550916179908,0.17632,0.18762,0.19829,0.23548578849985496,0.22218,0.20888,0.19626051774449174,0.1835213457521578,0.17105,0.15802,0.14487168345983695,0.13319,0.12291,0.11407,0.10656,0.09979,0.09415
23-01-2026 12:35,25205.5,0.11402,0.1080003473014729,0.10454,0.10462,0.10685,0.1115,0.12027,0.13105,0.14285,0.1540785976237846,0.16493,0.17635,0.18638,0.19688,0.23527,0.22295,0.20959,0.19678324874677927,0.18372,0.17078,0.15749657625126887,0.14482,0.13307,0.12233,0.11291,0.10468,0.09735,0.09001868398927092
23-01-2026 12:40,25211.7,0.11514,0.10893346804226008,0.10518,0.10499,0.10666,0.11088,0.11947,0.12981,0.14194,0.15277,0.16456,0.17497,0.18622,0.19683,0.23403,0.22129,0.20819,0.19528,0.18287,0.17019,0.15677,0.14424118102735484,0.13147704220183207,0.12064,0.11144,0.10301152107637432,0.09605,0.08937
23-01-2026 12:45,25238.75,0.09531,0.09296,0.09274,0.09478,0.09861,0.10362,0.11331,0.12426475834232123,0.13567,0.14706,0.15868,0.17112,0.18118,0.19242,0.2360259333290027,0.22388229393625533,0.2115,0.19929,0.18696,0.1748,0.16178,0.14858,0.1375691132510212,0.12777,0.11935,0.1118,0.10566,0.10053
23-01-2026 12:50,25208.05,0.11818,0.11059419369928365,0.10589,0.10503,0.10662580728876962,0.11226452314521698,0.11886,0.12907,0.14036434230196446,0.15177,0.16278,0.17508,0.18570944549158677,0.19678,0.235430381610016,0.22163,0.20784,0.19651,0.18341,0.17058,0.15643377052569715,0.14308,0.13085,0.11971,0.11028467933339652,0.10129,0.0937,0.0855
23-01-2026 12:55,25226.8,0.09191,0.09074,0.09112348611096616,0.09436,0.09878526966064163,0.10493,0.11518099058491206,0.12694,0.13837,0.15025,0.16205,0.17356,0.18435325020946217,0.19498,0.23641,0.22369,0.21182,0.20039,0.187487063227161,0.17433,0.16074,0.14707,0.13576,0.12571,0.11721,0.10981,0.10391,0.09895
23-01-2026 13:00,25191.8,0.10732,0.10216,0.10054,0.10197,0.10559,0.1118529474113318,0.12128,0.13301,0.14458056967233274,0.15608,0.16683,0.17872,0.18873,0.19995,0.23239,0.22018,0.20746,0.19582,0.18204,0.16979,0.15628,0.14286,0.13142,0.1209,0.11199,0.10370686841343894,0.09654,0.08989
23-01-2026 13:05,25191.25,0.10206695529314783,0.10077,0.09948,0.10124,0.10514,0.11102,0.12143,0.13323080580634458,0.14478,0.15664,0.16748,0.17944,0.19018,0.20155,0.23163377467517063,0.21953,0.20747,0.19582,0.18203,0.17015,0.15659,0.14283,0.13138,0.12085,0.1118,0.10375,0.0965,0.09041
23-01-2026 13:10,25194.95,0.10157,0.09802,0.09731,0.09991,0.10395,0.1104,0.12034572229798135,0.13232,0.14406473761470473,0.15573,0.167,0.17842,0.18909,0.20112,0.23302,0.22103403241537997,0.2085471082747755,0.1961427098600033,0.18311,0.16964,0.15624,0.14236,0.13117,0.12064691785632865,0.11148,0.1041,0.09747,0.09083863541237096
23-01-2026 13:15,25171.1,0.09416,0.09417696492523842,0.0962,0.101,0.1072554990091233,0.11552,0.12639,0.13797028852659463,0.1495287066686016,0.1611,0.17255,0.18417,0.19448,0.20596,0.22770252530066276,0.21619,0.20472,0.19249,0.1793284116973017,0.16678,0.15381,0.14203,0.13153,0.12279,0.1152,0.10933,0.10496,0.10098
23-01-2026 13:20,25141.7,0.09918,0.10042,0.10271,0.10734,0.11295,0.12177465897126086,0.13196,0.14377,0.1549,0.16568,0.1770134410671297,0.18856,0.19941,0.21025311314870487,0.22429,0.21339,0.2011,0.18918,0.17603,0.16335,0.15068,0.1396,0.12972,0.12132563681897546,0.11513361925441828,0.10861,0.10422,0.09779
23-01-2026 13:25,25138.55,0.09959,0.09975,0.10269342144981657,0.10753,0.1139,0.12191,0.13279,0.14464,0.15683,0.16747,0.179,0.19071,0.20056,0.21212,0.22394,0.21174,0.20072,0.18752629687279065,0.17434,0.1622,0.14993,0.13792648606938065,0.12773,0.11936,0.11245,0.10677,0.10239682884976643,0.09899
23-01-2026 13:30,25095.3,0.10352,0.10563,0.10935803440193893,0.11503,0.12248,0.13218638872232705,0.1424,0.15439,0.16600588328535895,0.1774,0.18879,0.20028,0.21161,0.2223,0.22468,0.21272,0.20148,0.18886,0.17617,0.16462,0.15373,0.1436,0.13495,0.1279013157363724,0.12234286162226309,0.11829,0.11576508854490399,0.11441
23-01-2026 13:35,25072.05,0.10627,0.10742,0.11133,0.11663,0.12396487489049685,0.13282,0.14377,0.15568,0.16699677823859635,0.17828,0.18971763312949116,0.20123,0.21156,0.2218830228960345,0.22141,0.20863016799024783,0.19618,0.18379507062602574,0.1715,0.15941,0.14792,0.13777,0.12862,0.12121,0.11527,0.11057355842822124,0.10719,0.10371
23-01-2026 13:40,25076.35,0.1005,0.10382,0.10953,0.11588,0.12411,0.13331121599459234,0.14530850619888694,0.15623,0.16833,0.17852,0.19002,0.20083454836003714,0.21165,0.2226,0.2251,0.21306310119771335,0.20101,0.18915,0.17594,0.16462,0.15405,0.14446,0.13648772122915317,0.12982,0.12428,0.12135982023053472,0.11991,0.1204
23-01-2026 13:45,25053.0,0.11187,0.11324300156182163,0.11669,0.12201,0.12927,0.13836,0.14889,0.16014,0.17213,0.18303101292573667,0.1941,0.2054519694854135,0.21633,0.22737,0.21884,0.20622085859854358,0.19369382751592748,0.18173,0.16826,0.15582,0.14497,0.13475439569225592,0.12565497182114027,0.11786,0.11116,0.10602,0.10128381812262752,0.09759
23-01-2026 13:50,25055.05,0.11105,0.11255,0.11691,0.12263,0.12998,0.13922,0.14982,0.16105,0.17257,0.18399,0.1948,0.20664,0.21743201225669356,0.22849,0.22043,0.20712,0.19454795850790688,0.18212,0.16866,0.15651,0.14516,0.13431705191466087,0.12498,0.11719,0.11063,0.10486,0.10082,0.09676063959262853
23-01-2026 13:55,25054.0,0.11215,0.11334,0.1173,0.12209027862126766,0.12874,0.13793539254404993,0.14880112515898442,0.15952,0.17036,0.18221,0.19365,0.20479,0.21582053156250788,0.22695711455269416,0.21977,0.2081,0.19563,0.18322,0.1706,0.15865,0.14751,0.13711,0.1281,0.12067,0.11411,0.10903,0.1056,0.10223
23-01-2026 14:00,25054.2,0.11441,0.11539172402869814,0.11834160869543883,0.12287086927351443,0.12875,0.13712,0.1475192369895717,0.15833,0.1693,0.18057,0.19126,0.20207,0.21334,0.22331,0.21929,0.20717,0.19529,0.18134,0.1688693470311507,0.15579909786633364,0.14443,0.1335,0.12424,0.1165,0.10991,0.10398,0.09874,0.09436
23-01-2026 14:05,25065.1,0.11171,0.11208,0.11495,0.11976,0.1261,0.13483,0.14508,0.15631,0.16766,0.17854,0.18921,0.20054145441454518,0.21187,0.22187,0.22034,0.20887,0.19703,0.18391,0.1703768338587145,0.15778,0.14614,0.13499,0.12562,0.11815,0.11159712890910951,0.10558,0.10159,0.09656
23-01-2026 14:10,25058.25,0.11362,0.11404,0.11716,0.1215,0.12778,0.13652,0.1470500875367121,0.15781,0.16918,0.1801,0.19032,0.20165,0.21288877676162138,0.22438,0.22067,0.20859367339696952,0.19652,0.18292,0.16945,0.15701,0.14502,0.13361,0.12347,0.11525,0.10969,0.10308,0.09849,0.09298
23-01-2026 14:15,25090.65,0.09978,0.10291,0.10763825845469537,0.11374,0.12098,0.12996,0.1401,0.15103,0.16303,0.17347,0.18454,0.19525,0.2064747628971481,0.21772,0.22608,0.2139,0.20107,0.18844,0.17504,0.16301,0.15186,0.14089,0.13175,0.12436,0.11926,0.11535,0.1132620980335615,0.11247
23-01-2026 14:20,25059.65,0.10638,0.10812,0.11221029566611233,0.11766,0.1251146381876501,0.13389,0.14462470737454286,0.15581,0.16723,0.17783,0.18819,0.19926,0.21032556401208252,0.22125851004184613,0.22341,0.21041,0.19825,0.18483122270394156,0.17186,0.15965,0.14814,0.13705,0.12795,0.12066,0.11549914253059206,0.11106,0.10765,0.10473
23-01-2026 14:25,25049.75,0.1128949952031576,0.11518,0.11749,0.12119,0.12738,0.13461,0.1447,0.15513,0.16647,0.17606,0.18721814227859926,0.19824298267272109,0.209331467119856,0.22056,0.2197,0.20694,0.19409,0.1802,0.166566829480665,0.15341,0.14086307111228002,0.12914309601192062,0.11907,0.11017,0.10294,0.09634,0.08975,0.08191
23-01-2026 14:30,25077.85,0.11012,0.11027,0.11321,0.11741,0.12437,0.1333964707743698,0.14348,0.15363,0.16489,0.1743,0.18512,0.19678,0.20853,0.2183,0.22389,0.21011,0.19796,0.1842,0.17068,0.15744,0.14487,0.13241,0.1219805865181119,0.11309,0.10574,0.09974,0.0941,0.08855
23-01-2026 14:35,25087.05,0.1078,0.10743,0.11058015380219235,0.11406,0.12072820635558185,0.129,0.1373562171012996,0.14905695191628945,0.16073171598668387,0.17109,0.18275,0.19382206288239173,0.20595,0.21554,0.22344,0.21102287847156304,0.19846,0.18482,0.17106,0.15737,0.14542,0.1334337276080981,0.12292,0.11464995945400522,0.10799,0.10227,0.09782,0.0929
23-01-2026 14:40,25094.55,0.10118447842172733,0.1053,0.10947,0.11466,0.12255,0.1310935222775964,0.14232789055259346,0.15227,0.16277,0.17191,0.18385,0.19511,0.20601637580718238,0.2169,0.22589,0.21286601246381825,0.20016,0.18735,0.17383,0.16124665644805092,0.14830224659310046,0.13695,0.12586,0.11704,0.11101,0.10538,0.09992398120170715,0.09412997230015757
23-01-2026 14:45,25081.45,0.10176,0.10398,0.10830236232844424,0.11413,0.12261812695266183,0.13217,0.14255,0.15294,0.16306013229609354,0.17305,0.1847927537412261,0.19652,0.20829,0.21885,0.2247,0.20978,0.19875,0.18541,0.17329,0.1604,0.14920542691167507,0.13823,0.12811,0.12058063672048394,0.11468,0.11013,0.10692,0.10366527129505111
23-01-2026 14:50,25059.3,0.10642607324445025,0.11169853963444265,0.11717,0.12180575285218818,0.12789,0.13662,0.14639,0.15629,0.16695,0.17648,0.18874,0.19922,0.21018,0.22051,0.21795608140665879,0.20545,0.19303,0.18035,0.16728,0.15404,0.14196,0.1301183098302246,0.11889,0.10969,0.10362254002176373,0.09703,0.0915,0.08374
23-01-2026 14:55,25096.0,0.10108624291117181,0.10472,0.1084,0.11268,0.11992,0.12927,0.13943,0.1498654711055449,0.16087,0.17099,0.18305951222752292,0.19457,0.20503,0.21545,0.22446,0.21091989623073454,0.19757,0.18516,0.17236,0.15908,0.14648263129957756,0.13503,0.12398,0.11532,0.10926,0.10437,0.10001,0.09741
23-01-2026 15:00,25071.15,0.10632,0.10791,0.11251,0.11727,0.12556,0.13521,0.14652,0.15761,0.16824,0.17934,0.1912,0.20287,0.21389,0.22422,0.22224,0.20980537359259557,0.19792,0.18462070679127968,0.17151,0.15841239907780091,0.14663,0.13499,0.12436748753147121,0.11609,0.11005,0.10618,0.10368,0.1
23-01-2026 15:05,25059.0,0.1009,0.10433,0.10951,0.11488,0.12411,0.13455,0.14715,0.15877,0.17062,0.1813,0.19319297573750757,0.20477,0.21637,0.22744,0.2193,0.2072541459588357,0.19568,0.18348,0.17207,0.16041,0.15012,0.13935,0.13024,0.12326,0.1189832333157746,0.11648,0.11517,0.11593
23-01-2026 15:10,25045.6,0.11068,0.11250385006414075,0.11676,0.1215,0.13029,0.1403225073403536,0.15104,0.16104,0.17246,0.1833137769591497,0.1947445389320475,0.20590348905267353,0.21719,0.22664,0.2181921293489809,0.20548,0.19272841994896375,0.18023,0.1673439245146377,0.15451,0.14377,0.13176,0.12162667540345005,0.11352,0.10779,0.10344,0.0991149693001964,0.09623
23-01-2026 15:15,25061.1,0.10403,0.10756,0.11216,0.11735,0.12658,0.1366,0.14719,0.15763,0.16971,0.18027,0.19149,0.20296,0.21502,0.22596,0.22229,0.20842,0.19569,0.18192394395686542,0.16800346327452342,0.15498,0.14334,0.13215,0.12057,0.11286,0.10961,0.1063,0.10368109424308912,0.1021
23-01-2026 15:20,25040.65,0.1146,0.11616,0.12084058729476664,0.1261611070191081,0.13309,0.1425916439351562,0.15303,0.16354802007688762,0.17486,0.18481,0.19672419946740544,0.20832,0.2181,0.22899,0.2203532357325649,0.206588678094613,0.19313,0.17961,0.1662,0.15292,0.14013,0.12789,0.11618,0.10749,0.10352367731198092,0.0991,0.09488,0.08909
23-01-2026 15:25,25049.65,0.10887,0.11147,0.11604,0.12176,0.13109,0.1409977302329821,0.15154,0.16182,0.17314,0.18434,0.19727,0.20814,0.2205,0.22986,0.21958,0.20286,0.19008,0.17715,0.16433,0.15096,0.13995,0.1279676510446109,0.11577683439651769,0.10726,0.10175,0.09947,0.09448,0.08977
27-01-2026 09:15,25113.05,0.27499,0.30202,0.32281,0.35058,0.38461,0.42786,0.47824,0.52453,0.57367,0.62043,0.6656744574276322,0.70998,0.7546299898544553,0.7987896564522909,0.80455,0.75263,0.70349,0.64961,0.59775,0.55382,0.51257,0.48379,0.46589,0.46533,0.47357,0.49258,0.51278,0.54893
27-01-2026 09:20,24981.3,0.37173,0.38093,0.4055947138700133,0.4358209598039436,0.4724528545417616,0.517217529254526,0.55918,0.60764,0.6609,0.70752,0.76109,0.80431,0.84893,0.8933193760024453,0.722,0.67056,0.63579,0.57755,0.52942,0.47801,0.4289384021980819,0.39554,0.37825,0.3773,0.38901,0.39690903257214843,0.41378,0.4261119396360112
27-01-2026 09:25,24940.7,0.41215,0.41457,0.42548,0.45811017404017573,0.4958,0.53823,0.58329,0.6352142944160507,0.6864,0.73837,0.78617,0.83239,0.877,0.9213794138097214,0.70051,0.6528976637165343,0.60735,0.55241,0.5018,0.4528,0.40457,0.36324,0.34244887100163546,0.32686,0.31923,0.31138,0.2881,0.2649340855293051
27-01-2026 09:30,24944.4,0.43418,0.43019,0.44092336915036817,0.45789,0.4962918294784784,0.53966,0.5868395605043868,0.63551,0.68635,0.7405399718396172,0.79262,0.83608,0.8821304428341038,0.92433,0.69697,0.65541,0.61709,0.56144,0.51004,0.45156,0.39692975754744936,0.35395,0.31876,0.30027,0.280225398287942,0.2545101045244268,0.23261,0.15552
27-01-2026 09:35,25018.3,0.4495,0.42747,0.41019,0.42032,0.45178,0.4893182146918666,0.52925,0.57595,0.62223,0.67629,0.7251863798159512,0.77034,0.81264,0.85271,0.7437420834859669,0.69537,0.64737,0.60076,0.54814,0.4962,0.44574,0.39663168891619216,0.35472,0.32039,0.29276,0.26448,0.22211,0.12637
27-01-2026 09:40,25090.85,0.4547,0.4137,0.39014,0.38476,0.40993,0.44455,0.48925,0.53745,0.58193,0.63655,0.68678,0.73576,0.76941,0.81462,0.79603,0.74443,0.69617,0.64951,0.60292,0.55029,0.49947,0.45308,0.40468,0.36501,0.333,0.30009,0.26344,0.2039
27-01-2026 09:45,25142.05,0.36816,0.34955,0.3373,0.34272,0.36868458149456407,0.40126,0.44811,0.49461,0.54701,0.59015,0.6418712035729773,0.6912804711795097,0.74219,0.78754,0.8212890822648053,0.77235,0.726079453272095,0.6754,0.63383,0.58196,0.52995,0.4784496542861736,0.43571,0.40108,0.3768,0.35236,0.32346003404353935,0.29136
27-01-2026 09:50,25142.45,0.34662,0.32683,0.31992,0.32756,0.35831,0.39611,0.44871,0.50094,0.54737,0.59426,0.65191,0.6975092350977528,0.74216,0.78114,0.8250170715082195,0.77273,0.72082,0.67648,0.6296127400149294,0.58085,0.53176,0.48237,0.4405,0.40779,0.3813386793458572,0.35789333319801747,0.34076,0.30921
27-01-2026 09:55,25130.4,0.32119,0.31184,0.31403,0.32672,0.36179,0.4022499892123827,0.45679,0.51181,0.5630756067565137,0.61344,0.6655261150344322,0.71226,0.75959,0.7934,0.80994,0.7601,0.72919,0.6782072126100082,0.6264,0.56905,0.516,0.46864,0.42882,0.4043203998672795,0.38347911060019707,0.37073,0.35356957121743954,0.33788
27-01-2026 10:00,25139.8,0.32443,0.3144759071889387,0.31653508456665397,0.32502,0.36048572793672523,0.40375,0.4571047835467171,0.51008,0.56064,0.6116299802802808,0.66324,0.70756,0.7520631728212921,0.7954705914741279,0.83447,0.78289,0.7343971240432358,0.68513,0.633,0.58504,0.52821,0.47811,0.431,0.39817,0.37604,0.35656,0.33606,0.31098
27-01-2026 10:05,25125.85,0.30215,0.29677,0.30128,0.32297,0.36228,0.40899,0.46656,0.51932,0.57315,0.62148,0.67629,0.72081,0.7633030559849067,0.80129,0.8338259219215222,0.7822835068958397,0.73296,0.6827802493691503,0.63328,0.57812,0.52108,0.47288,0.43083,0.40016,0.38385,0.37058,0.35888,0.33865
27-01-2026 10:10,25088.75,0.4075,0.37382754991117934,0.35823,0.36103,0.39174609010154987,0.42782,0.48428,0.53178,0.58393,0.63445,0.68859,0.73067,0.7829,0.82034,0.81291,0.76659,0.71267,0.66199,0.6075301982435688,0.55399,0.49687,0.44858,0.39699,0.36248,0.33467,0.30335845534928974,0.27156,0.21831
27-01-2026 10:15,25129.65,0.43897,0.39066,0.36472,0.36018,0.38258,0.41304,0.46374357788366594,0.51171,0.56872,0.61118,0.66561,0.71362,0.75313,0.79688,0.84848,0.7956,0.74158,0.69533,0.63808,0.58309,0.53429,0.47852,0.43107,0.38655,0.35069,0.31475,0.27834,0.22729
27-01-2026 10:20,25170.2,0.32589,0.30563,0.2993288065855521,0.31025,0.34257,0.38807,0.44349172427474093,0.49493,0.553,0.59737,0.65279,0.69651,0.74989,0.78886,0.87099,0.8275912580990166,0.78094,0.73318,0.67496,0.62221,0.56933,0.5149602185068712,0.4663095294045503,0.42046,0.3878097442178661,0.36053,0.33018832485055505,0.30288
27-01-2026 10:25,25164.05,0.25371,0.26218,0.27617,0.30173,0.34283,0.39283,0.4492,0.50273,0.5557563388934087,0.60586,0.67118,0.7118000635996395,0.7579175230919466,0.79871,0.87468,0.82807,0.77342,0.72691,0.67296,0.61698,0.5619,0.51093,0.46622696037229666,0.42822,0.40896,0.38950173472453103,0.38081,0.37269
27-01-2026 10:30,25123.35,0.3273,0.31534,0.3198923006150992,0.33808,0.38167249191686314,0.42491,0.48153,0.5334205365240688,0.58658,0.63961,0.6970715459159293,0.7464,0.79521,0.83545,0.85189,0.79916,0.75078,0.6984221300596825,0.64601,0.59014,0.54071,0.49048,0.43891,0.39674,0.36818094799567946,0.33773,0.31402,0.28019
27-01-2026 10:35,25122.35,0.2506018417784246,0.2797640136529792,0.3076,0.33586,0.37908,0.4326918605984034,0.48624,0.54057,0.58795,0.64561,0.7025,0.74763,0.79619,0.82755,0.8585,0.80533,0.75652,0.70959,0.65084,0.5987271737155725,0.5407306562755461,0.49179,0.4435,0.40453,0.3798626636140717,0.35626,0.33601,0.31486
27-01-2026 10:40,25095.65,0.24525229191102343,0.27705,0.30858,0.34517,0.39676,0.4549988317539249,0.5135,0.57223,0.62559,0.6768810449280147,0.7278766684685388,0.7755,0.82494,0.87277,0.82604,0.77517,0.73559,0.66826,0.62248,0.56794,0.5108670152165854,0.46905,0.42666,0.41728,0.41798,0.42719,0.44604,0.47381
27-01-2026 10:45,25027.6,0.33335,0.33817,0.35486,0.3946093258581633,0.44222,0.49912,0.5557,0.61343,0.66951,0.72857,0.7782260460009002,0.82268,0.870088595950231,0.91224,0.81134,0.75038,0.7023583489156476,0.64989,0.59084,0.53037,0.47477,0.42695,0.37786,0.3501140607838804,0.33006,0.3095474630958186,0.2975,0.26889
27-01-2026 10:50,25020.95,0.289351449723679,0.3311,0.37135750373674864,0.41388,0.46816,0.5272455805211465,0.58347,0.63393,0.67963,0.74791,0.8027,0.8509,0.89024,0.94593,0.82915,0.7678334504550629,0.7100077141769574,0.65159,0.59194,0.5382,0.48057,0.4304,0.39046237481545126,0.36854,0.36669,0.37527,0.38672809703748456,0.40869
27-01-2026 10:55,24997.0,0.3272,0.3560905931228386,0.3912322258083426,0.4288,0.4844740126441015,0.53983,0.59563,0.64794,0.70518,0.76982,0.81506,0.8733,0.9244703382268907,0.97544,0.80799,0.7544799651693286,0.70166,0.64264,0.58219,0.52396,0.46265732598500864,0.41534,0.37268,0.35504,0.35497,0.35266866001563907,0.3657184656547433,0.3853
27-01-2026 11:00,24984.95,0.29159598930246927,0.3428020482065312,0.39292733780164174,0.44337,0.49355,0.55304,0.60914,0.66918,0.7194,0.7846,0.83519,0.8904434682108525,0.94099,0.99173,0.8476925543605,0.7756274292167076,0.70616,0.63595,0.57545,0.5162239715797889,0.45921,0.40189,0.34996,0.32186,0.31013,0.29312,0.26525,0.201
27-01-2026 11:05,25008.55,0.35938,0.37353709531394536,0.39529,0.43643,0.48808,0.5452992261641868,0.60524,0.65624,0.71909,0.77679,0.83301,0.88779,0.93527,0.98664,0.8062047038546688,0.76668,0.72755,0.6626981705131991,0.6018126247175904,0.53754,0.47948,0.42233,0.36786,0.33818,0.32588,0.31450105249298305,0.31009,0.29008
27-01-2026 11:10,25017.35,0.35447,0.3709892015549596,0.3917,0.4371572237179043,0.48639,0.54371,0.6009421493051719,0.66031,0.71616,0.78283,0.83535,0.90092,0.94465,0.9883769324765714,0.84323,0.78659,0.74005,0.66858,0.6129717498088609,0.55235,0.48734857466578163,0.42763,0.37099,0.33704,0.32149,0.3068685905995704,0.29971,0.27694
27-01-2026 11:15,25024.0,0.36044,0.36747,0.38888,0.42815,0.48191,0.53609,0.59681,0.65096,0.70102,0.77263,0.82914,0.88409,0.935498056128698,0.9822,0.84713,0.79103,0.74571,0.67934,0.61259,0.5475818745530937,0.48546,0.42832,0.37381,0.33669,0.31376,0.29753,0.28387741872784283,0.2642001947248145
27-01-2026 11:20,25044.9,0.32104,0.33851449890222657,0.36439,0.41123,0.46217,0.52086,0.58499,0.63522,0.69429,0.7571453822636999,0.81298,0.87951,0.92713,0.96345,0.85907,0.8038,0.75361,0.68763,0.63226,0.56455,0.51188,0.45302,0.39312,0.36313,0.34214,0.33306,0.32606,0.31835
27-01-2026 11:25,25036.65,0.36696,0.36749,0.38782,0.42691,0.4772255543050557,0.52892,0.58582,0.63827,0.6913,0.76463,0.8207,0.88782,0.93488,0.9816726828242937,0.8631903152708629,0.80684,0.7537550943946362,0.69546,0.6377405552660618,0.57808,0.5149,0.45444,0.39294,0.34485,0.31554,0.28575461746440667,0.26278,0.209
27-01-2026 11:30,25078.55,0.30177,0.31892,0.34583,0.39147,0.4408418285861004,0.50143,0.55908,0.6143441632991251,0.67088,0.73376,0.7977391605611989,0.85717,0.91064,0.95374,0.89745,0.84137,0.79065,0.72989,0.671039582542083,0.61261,0.54192,0.4866,0.42664,0.38602,0.36245,0.34457,0.33544,0.3250923501194408
27-01-2026 11:35,25074.65,0.3223955258250475,0.34012,0.35804,0.39528,0.436,0.49221,0.55529,0.60544,0.66896,0.73161,0.79348,0.84687,0.91508,0.94711,0.90452,0.83873,0.7899685394198771,0.73505,0.67733,0.61641,0.54493,0.48589,0.42361,0.37293,0.33543,0.30473529255169846,0.28242,0.25141
27-01-2026 11:40,25088.45,0.51292,0.44935,0.42746,0.43359,0.45344,0.48777,0.54722,0.59689,0.6528306561188626,0.70847,0.76042,0.8144073116916885,0.86804,0.91268,0.9233982655759188,0.86574,0.8114220815098286,0.75212,0.68852,0.62328,0.56051,0.5012,0.43625,0.38682,0.3401,0.29952,0.25544,0.17427
27-01-2026 11:45,25159.6,0.26014,0.2794,0.30133,0.33437,0.37354,0.43836,0.49435,0.54956,0.60709,0.6692929555094366,0.73216,0.78416,0.8279726873444105,0.86457,0.97798,0.9111,0.85324,0.79336,0.7316,0.6699182047436394,0.5938665418556723,0.5337722659217994,0.48941,0.44602,0.42422,0.41054,0.40549,0.41203
27-01-2026 11:50,25103.25,0.3271,0.32609,0.3415,0.37589,0.41313,0.4685181094227881,0.53389,0.59395,0.6470110199691154,0.69661,0.77721,0.81837,0.87825,0.92405,0.94209,0.87488,0.81721,0.76497,0.69521,0.63118,0.56521,0.50148,0.44941,0.4121372336612854,0.38774,0.37040751636779556,0.36494,0.34715
27-01-2026 11:55,25084.4,0.36049312991687005,0.37526,0.38128006027961786,0.4052,0.43891,0.49008,0.55875,0.60674,0.66333,0.71693,0.79863,0.85098,0.91214,0.9727532101729329,0.95193,0.8863063956295741,0.8233085558664888,0.76111,0.69042,0.61931,0.5534803326463561,0.48763697212237345,0.43434,0.39001,0.3631909256554627,0.33146,0.30429,0.26015
27-01-2026 12:00,25100.25,0.3932,0.37693,0.37919,0.404792308746314,0.44151,0.49354,0.5541,0.60307,0.65156,0.7112203253413364,0.77765,0.82725,0.8774254354221372,0.9255711555556124,0.9623,0.88186,0.82452,0.77303,0.7048285906540972,0.635891146352639,0.571,0.5085428777566843,0.45472,0.40448,0.37113,0.34364,0.31813,0.29151225620723625
27-01-2026 12:05,25122.5,0.35913,0.347,0.35271,0.37884,0.42015,0.47865,0.53933,0.5908544587130374,0.65344,0.69809,0.78273,0.82285,0.89728,0.9711130399208566,0.98853,0.90705,0.84928,0.78884,0.72602,0.6541,0.59385,0.531751995485941,0.47451,0.42892933684382306,0.39439,0.37132,0.3522,0.3319467471573118
27-01-2026 12:10,25117.85,0.37709,0.3605,0.36361,0.38941,0.42902,0.48994687727343783,0.55495,0.59802,0.66477,0.72079,0.78509,0.84864,0.9049287214301771,0.95972,0.98491,0.90182,0.84542,0.79545,0.73937,0.6659,0.6012160991968365,0.54119,0.47988,0.42957,0.39059,0.36109,0.33405,0.3012
27-01-2026 12:15,25117.6,0.30765,0.31365,0.33785,0.38075,0.438,0.49899,0.56222,0.62062,0.6764768728919607,0.73016,0.7921671079499142,0.84696,0.9233,0.97212,1.01025,0.92673,0.85601,0.81432,0.7486,0.67419,0.61091,0.5499292479009661,0.4914498161667346,0.44767,0.41968,0.39999,0.38464,0.37378
27-01-2026 12:20,25109.2,0.39454,0.37615004957577536,0.37656,0.40138,0.4557403541300588,0.51201,0.57587,0.62761,0.68817,0.73425,0.81144,0.8637,0.94107,0.99043,1.00465,0.93314,0.8770775917231949,0.819,0.7534113423041322,0.6835,0.62307,0.55271,0.48838,0.42912,0.37872,0.33881,0.2920445256408103,0.24873
27-01-2026 12:25,25134.2,0.27995,0.29513,0.32853319364231914,0.37419,0.42935,0.4948,0.56462,0.6175744218171371,0.67951,0.73799,0.81575,0.85823,0.94879,0.98686,1.03517,0.94871,0.90214,0.8429795599109802,0.77268,0.72383,0.63977,0.58404,0.51233,0.46184700627347086,0.42482,0.40127,0.38577,0.37778
27-01-2026 12:30,25098.2,0.34532,0.34439861579345943,0.36118,0.4013,0.45691,0.52494,0.59417,0.66049,0.71503,0.76211,0.84146,0.89501,0.98724,1.00813,1.0379,0.95103,0.88906,0.83341,0.76474,0.70024,0.62633,0.56307,0.49249,0.4407,0.39862,0.36573,0.33397,0.29361
27-01-2026 12:35,25099.65,0.32818,0.3356,0.36352,0.41336,0.47017,0.53637,0.6018108026057967,0.66877,0.72412,0.7892700837005432,0.86377,0.92022,1.00022,1.03866,1.04009,0.97827,0.90271,0.8413274191130601,0.77667,0.71739,0.6417619724010601,0.57224,0.51253,0.45385,0.41578,0.38632651201882934,0.3681,0.34372988618137146
27-01-2026 12:40,25084.95,0.33017782573342425,0.35756,0.3851,0.43265,0.48939,0.55081,0.61517,0.6817712986470463,0.7505691884640396,0.81686,0.87549,0.9334725010303105,0.99762,1.04657,1.04478,0.96906,0.90513,0.84759,0.7793960970887677,0.71012,0.62832,0.55539,0.49525,0.44147392501404076,0.3989977847483955,0.3662118839673573,0.34137,0.302611742990166
27-01-2026 12:45,25083.9,0.2917919245713872,0.33588,0.38006,0.43751,0.49765,0.5633314225465295,0.63201,0.7013944932099176,0.76706,0.82994,0.8944970588214687,0.94517,1.0283,1.06306,1.05972,0.98286,0.91795,0.85952,0.78761,0.7134,0.6369,0.56286,0.50176,0.45209,0.42086,0.40056,0.38685,0.38058
27-01-2026 12:50,25065.25,0.3993,0.39715,0.42182,0.46947,0.52555,0.59988,0.66958,0.7296780598761343,0.78377,0.85703,0.9205432894048406,0.98798,1.04271,1.0955227276039823,1.07631,0.96973,0.90591,0.83859,0.75874,0.69506,0.62552,0.54605,0.4746394319564426,0.41217,0.36272,0.31743,0.27293488130614796,0.22684253505052768
27-01-2026 12:55,25094.45,0.33154,0.3502,0.3889,0.44758655993579316,0.518265617415723,0.58448,0.6492529989663924,0.71484,0.77353,0.84815,0.9196605669792547,0.98176,1.05306,1.10751,1.10123,1.0271531540177194,0.9573802583969883,0.88526,0.80352,0.7374,0.65314,0.57953,0.5093,0.44418,0.40057,0.36528,0.34277,0.3115
27-01-2026 13:00,25087.35,0.32893,0.348,0.395712983186845,0.45282,0.52299,0.58998,0.66662,0.72416,0.7971320753399052,0.86777,0.94264,1.00345,1.07589,1.13114,1.11403,1.03344,0.95265,0.8844892605363688,0.81111,0.74373,0.66463,0.5823625681498519,0.51132,0.45443,0.408,0.37208,0.33849,0.30072
27-01-2026 13:05,25077.3,0.37491,0.387,0.42388,0.47872,0.5369,0.61433,0.69302,0.74483,0.82368,0.87877,0.93987,1.01338,1.08612,1.13901,1.10891,1.0358844289913114,0.96104,0.90142,0.80672,0.74013,0.66738,0.5876877743148368,0.50256,0.44235,0.39649208664580254,0.34786,0.30785,0.25246
27-01-2026 13:10,25078.6,0.38621,0.39523,0.43152,0.48027,0.54075,0.6185,0.6834,0.75694,0.82697,0.90538,0.98283,1.04564,1.12058,1.15819,1.12954,1.0471,0.96446,0.90732,0.8313868096397273,0.76234,0.68031,0.6112314939038695,0.5269176157253226,0.46873555275200623,0.40577,0.35911,0.31882,0.25628
27-01-2026 13:15,25088.55,0.37921067143009957,0.41003,0.44149,0.48748,0.54588,0.62644,0.70165,0.76234,0.83383,0.88793,0.99268,1.0579746358756121,1.13316,1.14869,1.15813,1.07422,0.99013,0.9322,0.83392,0.77672,0.6924529582064629,0.61558,0.53137,0.46989,0.41386,0.36185,0.31431304127456733,0.26639
27-01-2026 13:20,25085.9,0.43553,0.43431,0.45449,0.49675,0.55424,0.6281684551005798,0.71032,0.7847168030073969,0.86254,0.92093,1.00047,1.0453,1.15693,1.19614,1.15829,1.07399,1.011960721447146,0.94771,0.8649138234088082,0.78017,0.70546,0.61252,0.5363966657226976,0.4614,0.39462,0.3424774395273241,0.3026,0.23747
27-01-2026 13:25,25098.05,0.46141,0.45251,0.46505,0.50455,0.56244,0.6357982541688404,0.71329,0.78384,0.86895,0.94142,1.01001,1.09028,1.1697,1.21001,1.1589201512933915,1.10515,1.05253,0.97691,0.89784,0.81566,0.73052,0.64864,0.56142,0.47273,0.40676,0.34945,0.30219,0.25381029861848015
27-01-2026 13:30,25112.65,0.36831,0.38375,0.4276966449987094,0.48536,0.55493,0.63535,0.71437,0.79586,0.87378,0.94799,1.03188,1.0962912044146114,1.16419,1.22291,1.22766,1.15967,1.08677,1.0121862506784431,0.92938,0.847397719163937,0.75914,0.68207,0.58743,0.5117,0.44197,0.39028,0.35284,0.3142410969173416
27-01-2026 13:35,25095.5,0.28249,0.34800711745578905,0.42153,0.49482,0.57951010414292,0.65956,0.7536,0.8196,0.9053333613307359,0.98382,1.0617280354023164,1.132919317248071,1.2154225397956768,1.28497,1.21494,1.1518373828947677,1.09508,1.00257,0.93371,0.8450767649759016,0.7647223907321573,0.68561,0.6163105349891026,0.56349,0.5277400519535612,0.52212,0.53098,0.59249
27-01-2026 13:40,25049.05,0.37743,0.42277,0.49073,0.5763918376717972,0.66038,0.74594,0.82367,0.90134,0.97221,1.06132,1.1209,1.1963034426402854,1.27192,1.33216,1.20272,1.13539,1.06165,0.99634,0.92155,0.83142,0.73084,0.64204,0.55651,0.4863,0.42132,0.39112,0.36411,0.33202
27-01-2026 13:45,25044.1,0.42625,0.4694690348420556,0.51533,0.59021,0.6498845696042904,0.7230682554125197,0.8019114399957769,0.9178888476748914,0.9959454079220237,1.06364,1.15186,1.2090957406979392,1.2823382837687187,1.34114,1.2495185362936305,1.164468861775424,1.0821,1.0040651072498508,0.91634,0.83709,0.73498,0.63898,0.55494,0.4717563028840581,0.39944,0.35232,0.30672,0.22099
27-01-2026 13:50,25054.3,0.37171,0.42344,0.49546,0.57747,0.67696,0.75746,0.85059,0.94007,1.0022,1.08021,1.180462293160536,1.26015,1.34868,1.39246,1.314,1.2322508247939115,1.15066,1.06292,0.9819,0.88599,0.77972,0.67892,0.58948,0.50801,0.44423184478882716,0.39785,0.3659606784216005,0.34367
27-01-2026 13:55,25040.65,0.38421,0.43769,0.5229747300982167,0.6083,0.70442,0.8031657022319098,0.89528,0.97861,1.05464,1.13671,1.21434,1.30604,1.37665,1.44131,1.3162880315626029,1.23488,1.1576165084475372,1.074048768456796,0.99334,0.8902690182794497,0.7889523412706796,0.68166,0.5774853894665591,0.48888,0.40466,0.3428856925967057,0.29989,0.20917
27-01-2026 14:00,25042.35,0.32664,0.4114,0.50478,0.60881,0.70982,0.80406,0.89113,0.96993,1.0818,1.15066,1.22752,1.3206,1.41273,1.50397,1.3947592112503269,1.28946,1.18482,1.0946,1.01173,0.9126096578477793,0.8088,0.7061173488497491,0.6073,0.52322,0.44833,0.41858,0.3929229698093694,0.35753086978094567
27-01-2026 14:05,25010.6,0.39868,0.48123,0.5806786294438382,0.67489,0.78007,0.8746121686514973,0.9760846125751605,1.0674,1.15967,1.2452060056195071,1.3313642939696497,1.41135,1.4998449178205777,1.57916,1.35802,1.27511,1.1934843899910768,1.10648,0.99522,0.89362,0.78825,0.67908,0.56582,0.47476,0.4126142122743102,0.32586,0.27633,0.12281
27-01-2026 14:10,25041.35,0.37357,0.45821,0.55878,0.6696739323815449,0.77277,0.86212,0.94634,1.05464,1.1544634639627946,1.25296,1.3312514789702858,1.40178,1.49949,1.56997,1.40252,1.3165250943697,1.2250271788662614,1.14421,1.0163,0.91977,0.8388,0.72874,0.6121402105676775,0.51409,0.41328,0.3543,0.31415,0.25836
27-01-2026 14:15,25034.25,0.3695,0.45459,0.56798,0.67166,0.7838981332683931,0.89058,0.9859577657872656,1.08509,1.19427,1.31635,1.37374,1.49623,1.55624,1.62888,1.44116,1.35926,1.2800030676593903,1.18998,1.05823,0.9419,0.8391056072687376,0.73568,0.62576,0.52151,0.41642,0.3559709331295864,0.31669,0.27147
27-01-2026 14:20,25028.4,0.40083,0.48493,0.59172,0.6954569056087772,0.79921,0.89922,1.0028,1.10091,1.1944592263269798,1.288441814588406,1.38358,1.51294,1.61732,1.7206788476688852,1.48547,1.33764,1.3076,1.192483940335193,1.07166,0.96811,0.8591,0.75421,0.6467,0.5403,0.44549,0.3874,0.34854,0.28994
27-01-2026 14:25,25022.0,0.42522,0.51321,0.62323,0.7317,0.84639,0.9483392820112092,1.04852,1.1661,1.26484,1.37808,1.46805,1.55096,1.65772,1.76347,1.577004466214792,1.4539848618136177,1.3451245986497713,1.22728,1.1126352884292778,0.9994651229682983,0.88354,0.76492,0.64858,0.5281,0.4179161910606694,0.31466975936235,0.21976891222997913,0.11719
27-01-2026 14:30,25040.85,0.39181,0.50066,0.62518,0.75971,0.88623,0.99624,1.1264,1.2432,1.34177,1.46343,1.56662,1.66481,1.7719415739039284,1.87057,1.57868,1.49654,1.417975456045209,1.32053,1.2005222505503284,1.07647,0.944,0.8212,0.6896690661545122,0.57136,0.45098,0.36207,0.30341,0.2430374909430558
27-01-2026 14:35,25042.95,0.54896,0.57786,0.66313,0.76466,0.89905,1.00651,1.09641,1.22306,1.34797,1.50913,1.6013409132754763,1.68869,1.77649,1.8546,1.65134,1.52633,1.46811744949473,1.38194,1.2571402590181662,1.12711,0.98879,0.87119,0.74329,0.60591,0.46679,0.34345078040858834,0.22705002403447927,0.10484
27-01-2026 14:40,25097.55,0.33389,0.42508,0.55551,0.67826,0.78645,0.92303,1.03769,1.16763,1.23569,1.42219,1.521539269511644,1.63715,1.7388369417334917,1.83068,1.7994,1.6687,1.57612549057796,1.47385,1.33685,1.22119,1.06074,0.93888,0.84334,0.69108,0.5312172891871448,0.40992,0.31756,0.26193
27-01-2026 14:45,25108.1,0.37525,0.42842,0.5545792764309526,0.68849,0.8273,0.97349,1.11692,1.23827,1.32278,1.48454,1.58344,1.71158,1.839977196546885,1.966330954710968,1.91042,1.71363,1.6349042633724644,1.53578,1.4126153787512818,1.27885,1.15422,1.00505,0.88216,0.7332414635786033,0.58912,0.43418,0.30565,0.20319
27-01-2026 14:50,25122.3,0.31046725824026034,0.4328,0.55658,0.70672,0.84021,0.9529,1.12283,1.2348179745101522,1.34638,1.48257,1.61719,1.79522,1.88216,1.94677,2.0301116514429673,1.89989,1.7792815334647003,1.64927,1.5160589391468795,1.37749,1.24586,1.08792,0.94426,0.78047,0.6227967626045668,0.47032,0.31555,0.16639
27-01-2026 14:55,25143.55,0.35345,0.38729,0.52999,0.655296021681009,0.82563,1.0072,1.1512614828162882,1.2937,1.40702,1.55288,1.69702,1.7779,1.8758846505637365,1.94457,2.165658057419414,2.06243,1.9774161303962527,1.86546,1.7262,1.55776,1.38835,1.2177,1.08865,0.90835,0.7434978003912919,0.58392,0.39964,0.24166
27-01-2026 15:00,25118.0,0.22867,0.42577,0.6010806458571877,0.76229,0.93694,1.07719,1.24115,1.40258,1.56178,1.66008,1.71452,2.02809,2.10815,2.13811,2.27781,2.11407,1.9501,1.8502639523462276,1.72376,1.54954,1.37437,1.19798,1.01998,0.8580396234755965,0.6876,0.51939,0.32525,0.13191691668141098
27-01-2026 15:05,25134.65,0.20763,0.42034,0.58577,0.74767,0.96576,1.10655,1.2084,1.45281,1.62229,1.78968,1.85084,2.0155856574604134,2.16189,2.31529,2.60916,2.34411,2.1870196854721913,2.013767556015956,1.8357352958630324,1.68275,1.44213,1.2834021558271607,1.11695,0.95237,0.75249,0.56259,0.35433,0.11644
27-01-2026 15:10,25154.95,0.16803,0.40933,0.6050586789352186,0.82645,0.9850762059039784,1.12661,1.3653263975797936,1.58429,1.7534726940941874,1.96159,2.03204,2.3302,2.38021,2.55189,2.71129,2.5291037446243267,2.3708523354260906,2.13747,2.13017,1.85502,1.65228,1.44843,1.2431,0.97402,0.82574,0.6065434690004007,0.40968,0.17324
27-01-2026 15:15,25174.85,0.14225,0.42629,0.6745,0.81392,1.03772,1.33488,1.47205,1.7534842832442858,1.9696695045555492,2.22048,2.30421,2.50644,2.7129162021687803,2.90515,3.17201,2.95157,2.88296,2.51011,2.4194,2.06703,1.84445,1.62086,1.39592,1.16917,1.00123,0.75534,0.5093687671468881,0.23712
27-01-2026 15:20,25198.1,0.0168,0.39816,0.69406,0.9284707991760295,1.20671,1.47601,1.84647,2.00071,2.3375951213543047,2.6557,2.76165,3.1081613630692115,3.3854612446866374,3.69076,3.951999783809165,3.6662304615136345,3.40433,3.13418,2.86358,2.59234,2.32024,2.04698,1.77218,1.4953,1.21558,0.9512245265711408,0.68798,0.3404
27-01-2026 15:25,25242.4,0.03726,0.35816,0.73157,1.13908,1.53259,1.91634,2.29252,2.66246,3.02705,3.4072206873189046,3.74259,4.104967341484516,4.4513991318281,4.806608137903976,5.800686437133504,5.38476,4.97453,4.59339,4.21172,3.82927,3.44575,3.06078,2.6739,2.28444,1.89151,1.4924102264316408,1.08871,0.6879056181948466
